[
  {
    "endTime" : "2024-01-07 23:47",
    "podcastName" : "Historias de nuestra historia",
    "episodeName" : "Los Infernales de Güemes",
    "msPlayed" : 2565247
  },
  {
    "endTime" : "2024-01-08 00:03",
    "podcastName" : "Historias de nuestra historia",
    "episodeName" : "Homenaje al General José de San Martín y su travesía por los Andes",
    "msPlayed" : 976599
  },
  {
    "endTime" : "2024-01-08 00:04",
    "podcastName" : "Hoy Trasnoche",
    "episodeName" : "Todos somos la segunda marca de alguien",
    "msPlayed" : 45023
  },
  {
    "endTime" : "2024-01-08 00:15",
    "podcastName" : "Quémese después de escuchar",
    "episodeName" : "548. Spider-Man: Across the Spider-Verse",
    "msPlayed" : 441155
  },
  {
    "endTime" : "2024-01-08 23:23",
    "podcastName" : "Historias de nuestra historia",
    "episodeName" : "Los años de José de San Martín en el exilio",
    "msPlayed" : 1430143
  },
  {
    "endTime" : "2024-01-09 22:48",
    "podcastName" : "Audiolibros; cuentos; relatos y poemas en español.",
    "episodeName" : "Libro Rayuela. Capítulo 25. Autor: Julio Cortázar",
    "msPlayed" : 13072
  },
  {
    "endTime" : "2024-01-09 22:48",
    "podcastName" : "Audiolibros; cuentos; relatos y poemas en español.",
    "episodeName" : "Libro Rayuela. Capítulo 26. Autor: Julio Cortázar",
    "msPlayed" : 5504
  },
  {
    "endTime" : "2024-01-09 23:10",
    "podcastName" : "Entrevistas A Fondo",
    "episodeName" : "Julio Cortázar - Entrevista en el programa \"A fondo\" (TVE, 1977)",
    "msPlayed" : 1123056
  },
  {
    "endTime" : "2024-01-10 04:24",
    "podcastName" : "Entrevistas A Fondo",
    "episodeName" : "Julio Cortázar - Entrevista en el programa \"A fondo\" (TVE, 1977)",
    "msPlayed" : 3489466
  },
  {
    "endTime" : "2024-06-01 15:19",
    "podcastName" : "Alfred Pennyworth Presenta",
    "episodeName" : "Teaser: Batman es un científico",
    "msPlayed" : 1227023
  },
  {
    "endTime" : "2024-06-01 16:02",
    "podcastName" : "Alfred Pennyworth Presenta",
    "episodeName" : "Episodio 1: Cobardes y supersticiosos",
    "msPlayed" : 2546254
  },
  {
    "endTime" : "2024-06-01 20:39",
    "podcastName" : "Alfred Pennyworth Presenta",
    "episodeName" : "Episodio 2: Batusi",
    "msPlayed" : 809865
  },
  {
    "endTime" : "2024-06-01 22:40",
    "podcastName" : "Alfred Pennyworth Presenta",
    "episodeName" : "Episodio 2: Batusi",
    "msPlayed" : 1700118
  },
  {
    "endTime" : "2024-06-03 15:48",
    "podcastName" : "Alfred Pennyworth Presenta",
    "episodeName" : "Episodio 3: Dios del amor de pelo en pecho",
    "msPlayed" : 737028
  },
  {
    "endTime" : "2024-06-05 20:34",
    "podcastName" : "Alfred Pennyworth Presenta",
    "episodeName" : "Episodio 3: Dios del amor de pelo en pecho",
    "msPlayed" : 706167
  },
  {
    "endTime" : "2024-06-10 15:55",
    "podcastName" : "Charlas Filosóficas - Con Eio Moldavsky",
    "episodeName" : "Luquitas Rodríguez - Ser auténtico",
    "msPlayed" : 30592
  },
  {
    "endTime" : "2024-06-10 16:33",
    "podcastName" : "Charlas Filosóficas - Con Eio Moldavsky",
    "episodeName" : "Luquitas Rodríguez - Ser auténtico",
    "msPlayed" : 24554
  },
  {
    "endTime" : "2024-06-10 19:52",
    "podcastName" : "Charlas Filosóficas - Con Eio Moldavsky",
    "episodeName" : "Luquitas Rodríguez - Ser auténtico",
    "msPlayed" : 278
  },
  {
    "endTime" : "2024-06-10 21:24",
    "podcastName" : "Charlas Filosóficas - Con Eio Moldavsky",
    "episodeName" : "Luquitas Rodríguez - Ser auténtico",
    "msPlayed" : 58375
  },
  {
    "endTime" : "2024-06-10 23:08",
    "podcastName" : "Charlas Filosóficas - Con Eio Moldavsky",
    "episodeName" : "Luquitas Rodríguez - Ser auténtico",
    "msPlayed" : 0
  },
  {
    "endTime" : "2024-06-15 16:17",
    "podcastName" : "Alfred Pennyworth Presenta",
    "episodeName" : "Episodio 3: Dios del amor de pelo en pecho",
    "msPlayed" : 1774941
  },
  {
    "endTime" : "2024-06-15 16:54",
    "podcastName" : "Alfred Pennyworth Presenta",
    "episodeName" : "Episodio 4: Obras cumbres",
    "msPlayed" : 2140047
  },
  {
    "endTime" : "2024-06-15 16:57",
    "podcastName" : "Alfred Pennyworth Presenta",
    "episodeName" : "Episodio 5: Robándole las llantas al Batimóvil",
    "msPlayed" : 169307
  },
  {
    "endTime" : "2024-06-15 23:45",
    "podcastName" : "Alfred Pennyworth Presenta",
    "episodeName" : "Episodio 5: Robándole las llantas al Batimóvil",
    "msPlayed" : 940409
  },
  {
    "endTime" : "2024-06-16 15:14",
    "podcastName" : "Alfred Pennyworth Presenta",
    "episodeName" : "Episodio 5: Robándole las llantas al Batimóvil",
    "msPlayed" : 645907
  },
  {
    "endTime" : "2024-06-16 16:04",
    "podcastName" : "Alfred Pennyworth Presenta",
    "episodeName" : "Episodio 6: The Batman True Hollywood Story",
    "msPlayed" : 3012004
  },
  {
    "endTime" : "2024-06-16 19:20",
    "podcastName" : "Alfred Pennyworth Presenta",
    "episodeName" : "Episodio 7: Eventitis",
    "msPlayed" : 787701
  },
  {
    "endTime" : "2024-06-20 22:17",
    "podcastName" : "Alfred Pennyworth Presenta",
    "episodeName" : "Episodio 7: Eventitis",
    "msPlayed" : 1340279
  },
  {
    "endTime" : "2024-06-20 22:54",
    "podcastName" : "Alfred Pennyworth Presenta",
    "episodeName" : "Episodio 8: Fantasías animadas",
    "msPlayed" : 2111807
  },
  {
    "endTime" : "2024-06-22 15:43",
    "podcastName" : "Alfred Pennyworth Presenta",
    "episodeName" : "Episodio 9: Dan DiDio must die!",
    "msPlayed" : 761788
  },
  {
    "endTime" : "2024-07-02 17:22",
    "podcastName" : "Alfred Pennyworth Presenta",
    "episodeName" : "Episodio 9: Dan DiDio must die!",
    "msPlayed" : 1356416
  },
  {
    "endTime" : "2024-07-02 17:50",
    "podcastName" : "Alfred Pennyworth Presenta",
    "episodeName" : "Episodio 10: Zur-En-Arrh",
    "msPlayed" : 1677947
  },
  {
    "endTime" : "2024-07-02 22:26",
    "podcastName" : "Alfred Pennyworth Presenta",
    "episodeName" : "Episodio 11: Batshame",
    "msPlayed" : 1081569
  },
  {
    "endTime" : "2024-07-02 22:47",
    "podcastName" : "Alfred Pennyworth Presenta",
    "episodeName" : "Episodio 11: Batshame",
    "msPlayed" : 1138034
  },
  {
    "endTime" : "2024-07-03 02:25",
    "podcastName" : "Alfred Pennyworth Presenta",
    "episodeName" : "Episodio 12: State of the Bat-Union",
    "msPlayed" : 813174
  },
  {
    "endTime" : "2024-07-03 16:24",
    "podcastName" : "Alfred Pennyworth Presenta",
    "episodeName" : "Episodio 12: State of the Bat-Union",
    "msPlayed" : 1282600
  },
  {
    "endTime" : "2024-07-03 16:34",
    "podcastName" : "Alfred Pennyworth Presenta",
    "episodeName" : "Teaser: Return to the Batcave",
    "msPlayed" : 579338
  },
  {
    "endTime" : "2024-07-03 17:20",
    "podcastName" : "Alfred Pennyworth Presenta",
    "episodeName" : "Temporada 2 Episodio 1: Quisiera ser Batman",
    "msPlayed" : 1053840
  },
  {
    "endTime" : "2024-07-15 13:28",
    "podcastName" : "Clank!",
    "episodeName" : "Javier MASCHERANO con Juan Pablo VARSKY || Clank! Game #37",
    "msPlayed" : 0
  },
  {
    "endTime" : "2024-07-17 02:09",
    "podcastName" : "Clank!",
    "episodeName" : "Javier MASCHERANO con Juan Pablo VARSKY || Clank! Game #37",
    "msPlayed" : 1706
  },
  {
    "endTime" : "2024-08-09 03:05",
    "podcastName" : "Alexis Moyano Music Hall",
    "episodeName" : "wet the chaucha",
    "msPlayed" : 529
  },
  {
    "endTime" : "2024-08-15 02:17",
    "podcastName" : "Psicologia Al Desnudo | @psi.mammoliti",
    "episodeName" : "T3 E21 La voz autocrítica: cómo suavizar el infierno interior",
    "msPlayed" : 39369
  },
  {
    "endTime" : "2024-08-15 12:24",
    "podcastName" : "Psicologia Al Desnudo | @psi.mammoliti",
    "episodeName" : "T3 E21 La voz autocrítica: cómo suavizar el infierno interior",
    "msPlayed" : 0
  },
  {
    "endTime" : "2024-10-09 00:08",
    "podcastName" : "La Cruda",
    "episodeName" : "Preso por error - Osvaldo Gómez",
    "msPlayed" : 0
  },
  {
    "endTime" : "2024-10-15 13:39",
    "podcastName" : "13 Crímenes",
    "episodeName" : "Episodio 2: Nevada-Tan, \"La asesina de 11 años\"",
    "msPlayed" : 60007
  },
  {
    "endTime" : "2024-10-15 14:10",
    "podcastName" : "13 Crímenes",
    "episodeName" : "Episodio 2: Nevada-Tan, \"La asesina de 11 años\"",
    "msPlayed" : 1362
  },
  {
    "endTime" : "2024-10-16 21:40",
    "podcastName" : "Principio de placer",
    "episodeName" : "Episodio 15 - El duelo. Parte II con Psicoalpie",
    "msPlayed" : 0
  },
  {
    "endTime" : "2024-10-16 23:15",
    "podcastName" : "Principio de placer",
    "episodeName" : "Episodio 15 - El duelo. Parte II con Psicoalpie",
    "msPlayed" : 20332
  },
  {
    "endTime" : "2024-10-17 16:47",
    "podcastName" : "Principio de placer",
    "episodeName" : "Episodio 15 - El duelo. Parte II con Psicoalpie",
    "msPlayed" : 0
  },
  {
    "endTime" : "2024-10-20 23:11",
    "podcastName" : "Tu amiga psicóloga",
    "episodeName" : "Construyendo una confianza en ti real: 6 tips para empezar.",
    "msPlayed" : 13392
  },
  {
    "endTime" : "2024-10-21 00:16",
    "podcastName" : "Tu amiga psicóloga",
    "episodeName" : "Construyendo una confianza en ti real: 6 tips para empezar.",
    "msPlayed" : 0
  },
  {
    "endTime" : "2024-10-21 00:16",
    "podcastName" : "Tu amiga psicóloga",
    "episodeName" : "Construyendo una confianza en ti real: 6 tips para empezar.",
    "msPlayed" : 3919
  },
  {
    "endTime" : "2024-10-21 03:32",
    "podcastName" : "Tu amiga psicóloga",
    "episodeName" : "Construyendo una confianza en ti real: 6 tips para empezar.",
    "msPlayed" : 0
  },
  {
    "endTime" : "2024-10-24 20:54",
    "podcastName" : "Sobran Las Palabras Podcast",
    "episodeName" : "Adicción al juego, dependencia y cómo prevenirlo (Diego Barquilla Psicólogo) EP19",
    "msPlayed" : 10920
  },
  {
    "endTime" : "2024-10-24 21:29",
    "podcastName" : "Sobran Las Palabras Podcast",
    "episodeName" : "Adicción al juego, dependencia y cómo prevenirlo (Diego Barquilla Psicólogo) EP19",
    "msPlayed" : 8954
  },
  {
    "endTime" : "2024-10-24 21:41",
    "podcastName" : "Sobran Las Palabras Podcast",
    "episodeName" : "Adicción al juego, dependencia y cómo prevenirlo (Diego Barquilla Psicólogo) EP19",
    "msPlayed" : 8467
  },
  {
    "endTime" : "2024-11-05 01:56",
    "podcastName" : "Último Round. Elecciones en los Estados Unidos.",
    "episodeName" : "#0 - ¿Cómo funcionan las elecciones en Estados Unidos?",
    "msPlayed" : 429312
  },
  {
    "endTime" : "2024-11-05 02:33",
    "podcastName" : "Último Round. Elecciones en los Estados Unidos.",
    "episodeName" : "#1 - El arco de Kamala",
    "msPlayed" : 2188271
  },
  {
    "endTime" : "2024-11-05 03:09",
    "podcastName" : "Último Round. Elecciones en los Estados Unidos.",
    "episodeName" : "#2 - La revancha de Trump",
    "msPlayed" : 1974960
  },
  {
    "endTime" : "2024-11-05 03:09",
    "podcastName" : "Último Round. Elecciones en los Estados Unidos.",
    "episodeName" : "#3 - Crisis en la frontera",
    "msPlayed" : 8418
  },
  {
    "endTime" : "2024-11-05 13:41",
    "podcastName" : "Último Round. Elecciones en los Estados Unidos.",
    "episodeName" : "#3 - Crisis en la frontera",
    "msPlayed" : 2060265
  },
  {
    "endTime" : "2024-11-05 15:32",
    "podcastName" : "Último Round. Elecciones en los Estados Unidos.",
    "episodeName" : "#4 - El mundo está mirando",
    "msPlayed" : 323760
  },
  {
    "endTime" : "2024-11-05 18:25",
    "podcastName" : "Último Round. Elecciones en los Estados Unidos.",
    "episodeName" : "#4 - El mundo está mirando",
    "msPlayed" : 543045
  },
  {
    "endTime" : "2024-11-05 18:57",
    "podcastName" : "Último Round. Elecciones en los Estados Unidos.",
    "episodeName" : "#4 - El mundo está mirando",
    "msPlayed" : 1618320
  },
  {
    "endTime" : "2024-11-07 00:58",
    "podcastName" : "Último Round. Elecciones en los Estados Unidos.",
    "episodeName" : "#5 - La elección desde Argentina",
    "msPlayed" : 758020
  },
  {
    "endTime" : "2024-11-22 00:05",
    "podcastName" : "La Sexta Pata",
    "episodeName" : "Capítulo 54: La Escalera Parte I - Conozcan a los Peterson",
    "msPlayed" : 453141
  },
  {
    "endTime" : "2024-11-29 21:48",
    "podcastName" : "Quémese después de escuchar",
    "episodeName" : "369. Fleabag",
    "msPlayed" : 1439616
  },
  {
    "endTime" : "2024-11-29 22:42",
    "podcastName" : "Quémese después de escuchar",
    "episodeName" : "369. Fleabag",
    "msPlayed" : 2335896
  },
  {
    "endTime" : "2024-11-30 16:15",
    "podcastName" : "Quémese después de escuchar",
    "episodeName" : "370. barry/ronny/lily",
    "msPlayed" : 20447
  },
  {
    "endTime" : "2024-12-01 16:17",
    "podcastName" : "Club del cringe",
    "episodeName" : "Creo que tu papá anduvo con mi mamá",
    "msPlayed" : 4848
  },
  {
    "endTime" : "2024-12-01 16:17",
    "podcastName" : "Club del cringe",
    "episodeName" : "Creo que tu papá anduvo con mi mamá",
    "msPlayed" : 155
  },
  {
    "endTime" : "2024-12-01 16:18",
    "podcastName" : "Club del cringe",
    "episodeName" : "Creo que tu papá anduvo con mi mamá",
    "msPlayed" : 60007
  },
  {
    "endTime" : "2024-12-01 18:25",
    "podcastName" : "Club del cringe",
    "episodeName" : "Creo que tu papá anduvo con mi mamá",
    "msPlayed" : 43114
  },
  {
    "endTime" : "2024-12-01 18:25",
    "podcastName" : "Club del cringe",
    "episodeName" : "Creo que tu papá anduvo con mi mamá",
    "msPlayed" : 284
  },
  {
    "endTime" : "2024-12-01 18:25",
    "podcastName" : "Club del cringe",
    "episodeName" : "Creo que tu papá anduvo con mi mamá",
    "msPlayed" : 4063
  },
  {
    "endTime" : "2024-12-01 19:53",
    "podcastName" : "Club del cringe",
    "episodeName" : "Creo que tu papá anduvo con mi mamá",
    "msPlayed" : 3860
  },
  {
    "endTime" : "2024-12-11 00:44",
    "podcastName" : "Dato Encerrado",
    "episodeName" : "La vaca y el pillito",
    "msPlayed" : 5292
  },
  {
    "endTime" : "2024-12-11 00:44",
    "podcastName" : "La Cruda",
    "episodeName" : "Vida de Millonarios - Flor Sosa",
    "msPlayed" : 944
  },
  {
    "endTime" : "2024-12-11 00:44",
    "podcastName" : "Alfred Pennyworth Presenta",
    "episodeName" : "Alfred Pennyworth Returns (en vivo)",
    "msPlayed" : 4441
  },
  {
    "endTime" : "2024-12-11 00:44",
    "podcastName" : "HarryPotterSagaCompleta",
    "episodeName" : "01. El niño que sobrevivió ",
    "msPlayed" : 1341
  },
  {
    "endTime" : "2024-12-11 00:44",
    "podcastName" : "Club del cringe",
    "episodeName" : "Harry Potter me mandó una carta",
    "msPlayed" : 4242
  },
  {
    "endTime" : "2024-12-11 00:44",
    "podcastName" : "Literalmente",
    "episodeName" : "HASTA SIEMPRE, THE ERAS TOUR",
    "msPlayed" : 1471
  },
  {
    "endTime" : "2024-12-11 00:44",
    "podcastName" : "Quémese después de escuchar",
    "episodeName" : "576. Gladiator II",
    "msPlayed" : 1780
  },
  {
    "endTime" : "2024-12-11 21:00",
    "podcastName" : "La Cruda",
    "episodeName" : "Bebé robada - Gladys Morel ",
    "msPlayed" : 1051713
  },
  {
    "endTime" : "2024-12-11 21:08",
    "podcastName" : "La Cruda",
    "episodeName" : "Bebé robada - Gladys Morel ",
    "msPlayed" : 470562
  },
  {
    "endTime" : "2024-12-11 23:36",
    "podcastName" : "La Cruda",
    "episodeName" : "Violencia de género - Julieta Prandi",
    "msPlayed" : 197878
  },
  {
    "endTime" : "2024-12-13 20:36",
    "podcastName" : "La Cruda",
    "episodeName" : "Violencia de género - Julieta Prandi",
    "msPlayed" : 1117988
  },
  {
    "endTime" : "2024-12-14 20:52",
    "podcastName" : "ESTO ES CINE",
    "episodeName" : "04. EL DISNEY DE LOS NOVENTA",
    "msPlayed" : 903921
  },
  {
    "endTime" : "2024-12-15 23:29",
    "podcastName" : "El podcast de MAPI HERMIDA",
    "episodeName" : "150. El amor eterno no existe con Enrique Rojas",
    "msPlayed" : 0
  }
]