{
  "topArtists": {
    "numUniqueArtists": 1202,
    "topArtists": [
      {
        "artistUri": "spotify:artist:5YCc6xS5Gpj3EkaYGdjyNK",
        "monthlyStreams": [
          {
            "month": 5,
            "biweeklyStreams": [
              {
                "period": 2,
                "numStreams": 22
              },
              {
                "period": 1,
                "numStreams": 28
              }
            ]
          },
          {
            "month": 10,
            "biweeklyStreams": [
              {
                "period": 1,
                "numStreams": 66
              },
              {
                "period": 2,
                "numStreams": 55
              }
            ]
          },
          {
            "month": 1,
            "biweeklyStreams": [
              {
                "period": 1,
                "numStreams": 38
              },
              {
                "period": 2,
                "numStreams": 10
              }
            ]
          },
          {
            "month": 6,
            "biweeklyStreams": [
              {
                "period": 1,
                "numStreams": 21
              },
              {
                "period": 2,
                "numStreams": 39
              }
            ]
          },
          {
            "month": 9,
            "biweeklyStreams": [
              {
                "period": 1,
                "numStreams": 37
              },
              {
                "period": 2,
                "numStreams": 76
              }
            ]
          },
          {
            "month": 2,
            "biweeklyStreams": [
              {
                "period": 2,
                "numStreams": 4
              },
              {
                "period": 1,
                "numStreams": 5
              }
            ]
          },
          {
            "month": 7,
            "biweeklyStreams": [
              {
                "period": 1,
                "numStreams": 61
              },
              {
                "period": 2,
                "numStreams": 47
              }
            ]
          },
          {
            "month": 3,
            "biweeklyStreams": [
              {
                "period": 1,
                "numStreams": 1
              },
              {
                "period": 2,
                "numStreams": 68
              }
            ]
          },
          {
            "month": 8,
            "biweeklyStreams": [
              {
                "period": 1,
                "numStreams": 30
              },
              {
                "period": 2,
                "numStreams": 41
              }
            ]
          },
          {
            "month": 4,
            "biweeklyStreams": [
              {
                "period": 1,
                "numStreams": 37
              },
              {
                "period": 2,
                "numStreams": 12
              }
            ]
          }
        ]
      },
      {
        "artistUri": "spotify:artist:6nVcjUJemqpJjc1WevwTvL",
        "monthlyStreams": [
          {
            "month": 5,
            "biweeklyStreams": [
              {
                "period": 2,
                "numStreams": 1
              },
              {
                "period": 1,
                "numStreams": 11
              }
            ]
          },
          {
            "month": 10,
            "biweeklyStreams": [
              {
                "period": 1,
                "numStreams": 16
              },
              {
                "period": 2,
                "numStreams": 69
              }
            ]
          },
          {
            "month": 6,
            "biweeklyStreams": [
              {
                "period": 1,
                "numStreams": 21
              },
              {
                "period": 2,
                "numStreams": 14
              }
            ]
          },
          {
            "month": 9,
            "biweeklyStreams": [
              {
                "period": 1,
                "numStreams": 7
              },
              {
                "period": 2,
                "numStreams": 30
              }
            ]
          },
          {
            "month": 2,
            "biweeklyStreams": [
              {
                "period": 2,
                "numStreams": 11
              },
              {
                "period": 1,
                "numStreams": 4
              }
            ]
          },
          {
            "month": 7,
            "biweeklyStreams": [
              {
                "period": 1,
                "numStreams": 6
              },
              {
                "period": 2,
                "numStreams": 189
              }
            ]
          },
          {
            "month": 3,
            "biweeklyStreams": [
              {
                "period": 1,
                "numStreams": 20
              },
              {
                "period": 2,
                "numStreams": 5
              }
            ]
          },
          {
            "month": 11,
            "biweeklyStreams": [
              {
                "period": 1,
                "numStreams": 15
              }
            ]
          },
          {
            "month": 8,
            "biweeklyStreams": [
              {
                "period": 1,
                "numStreams": 122
              },
              {
                "period": 2,
                "numStreams": 82
              }
            ]
          },
          {
            "month": 4,
            "biweeklyStreams": [
              {
                "period": 1,
                "numStreams": 4
              },
              {
                "period": 2,
                "numStreams": 25
              }
            ]
          }
        ]
      },
      {
        "artistUri": "spotify:artist:1bZNv4q3OxYq7mmnLha7Tu",
        "monthlyStreams": [
          {
            "month": 5,
            "biweeklyStreams": [
              {
                "period": 2,
                "numStreams": 33
              },
              {
                "period": 1,
                "numStreams": 33
              }
            ]
          },
          {
            "month": 10,
            "biweeklyStreams": [
              {
                "period": 1,
                "numStreams": 33
              },
              {
                "period": 2,
                "numStreams": 29
              }
            ]
          },
          {
            "month": 1,
            "biweeklyStreams": [
              {
                "period": 1,
                "numStreams": 15
              }
            ]
          },
          {
            "month": 6,
            "biweeklyStreams": [
              {
                "period": 1,
                "numStreams": 54
              },
              {
                "period": 2,
                "numStreams": 2
              }
            ]
          },
          {
            "month": 9,
            "biweeklyStreams": [
              {
                "period": 1,
                "numStreams": 10
              },
              {
                "period": 2,
                "numStreams": 30
              }
            ]
          },
          {
            "month": 2,
            "biweeklyStreams": [
              {
                "period": 2,
                "numStreams": 25
              },
              {
                "period": 1,
                "numStreams": 8
              }
            ]
          },
          {
            "month": 7,
            "biweeklyStreams": [
              {
                "period": 1,
                "numStreams": 68
              },
              {
                "period": 2,
                "numStreams": 29
              }
            ]
          },
          {
            "month": 3,
            "biweeklyStreams": [
              {
                "period": 1,
                "numStreams": 18
              },
              {
                "period": 2,
                "numStreams": 18
              }
            ]
          },
          {
            "month": 11,
            "biweeklyStreams": [
              {
                "period": 1,
                "numStreams": 3
              }
            ]
          },
          {
            "month": 8,
            "biweeklyStreams": [
              {
                "period": 1,
                "numStreams": 44
              },
              {
                "period": 2,
                "numStreams": 29
              }
            ]
          },
          {
            "month": 4,
            "biweeklyStreams": [
              {
                "period": 1,
                "numStreams": 1
              },
              {
                "period": 2,
                "numStreams": 40
              }
            ]
          }
        ]
      },
      {
        "artistUri": "spotify:artist:3jO7X5KupvwmWTHGtHgcgo",
        "monthlyStreams": [
          {
            "month": 5,
            "biweeklyStreams": [
              {
                "period": 2,
                "numStreams": 58
              },
              {
                "period": 1,
                "numStreams": 14
              }
            ]
          },
          {
            "month": 10,
            "biweeklyStreams": [
              {
                "period": 1,
                "numStreams": 25
              },
              {
                "period": 2,
                "numStreams": 16
              }
            ]
          },
          {
            "month": 1,
            "biweeklyStreams": [
              {
                "period": 1,
                "numStreams": 15
              }
            ]
          },
          {
            "month": 6,
            "biweeklyStreams": [
              {
                "period": 1,
                "numStreams": 43
              },
              {
                "period": 2,
                "numStreams": 27
              }
            ]
          },
          {
            "month": 9,
            "biweeklyStreams": [
              {
                "period": 1,
                "numStreams": 9
              },
              {
                "period": 2,
                "numStreams": 14
              }
            ]
          },
          {
            "month": 2,
            "biweeklyStreams": [
              {
                "period": 2,
                "numStreams": 4
              },
              {
                "period": 1,
                "numStreams": 1
              }
            ]
          },
          {
            "month": 7,
            "biweeklyStreams": [
              {
                "period": 1,
                "numStreams": 70
              },
              {
                "period": 2,
                "numStreams": 5
              }
            ]
          },
          {
            "month": 3,
            "biweeklyStreams": [
              {
                "period": 1,
                "numStreams": 6
              },
              {
                "period": 2,
                "numStreams": 27
              }
            ]
          },
          {
            "month": 11,
            "biweeklyStreams": [
              {
                "period": 1,
                "numStreams": 4
              }
            ]
          },
          {
            "month": 8,
            "biweeklyStreams": [
              {
                "period": 1,
                "numStreams": 61
              },
              {
                "period": 2,
                "numStreams": 10
              }
            ]
          },
          {
            "month": 4,
            "biweeklyStreams": [
              {
                "period": 1,
                "numStreams": 2
              },
              {
                "period": 2,
                "numStreams": 20
              }
            ]
          }
        ]
      },
      {
        "artistUri": "spotify:artist:4ssUf5gLb1GBLxi1BhPrVt",
        "monthlyStreams": [
          {
            "month": 5,
            "biweeklyStreams": [
              {
                "period": 2,
                "numStreams": 28
              },
              {
                "period": 1,
                "numStreams": 24
              }
            ]
          },
          {
            "month": 10,
            "biweeklyStreams": [
              {
                "period": 1,
                "numStreams": 78
              },
              {
                "period": 2,
                "numStreams": 5
              }
            ]
          },
          {
            "month": 6,
            "biweeklyStreams": [
              {
                "period": 1,
                "numStreams": 4
              },
              {
                "period": 2,
                "numStreams": 3
              }
            ]
          },
          {
            "month": 9,
            "biweeklyStreams": [
              {
                "period": 1,
                "numStreams": 13
              },
              {
                "period": 2,
                "numStreams": 5
              }
            ]
          },
          {
            "month": 2,
            "biweeklyStreams": [
              {
                "period": 2,
                "numStreams": 2
              },
              {
                "period": 1,
                "numStreams": 25
              }
            ]
          },
          {
            "month": 7,
            "biweeklyStreams": [
              {
                "period": 1,
                "numStreams": 9
              },
              {
                "period": 2,
                "numStreams": 37
              }
            ]
          },
          {
            "month": 3,
            "biweeklyStreams": [
              {
                "period": 1,
                "numStreams": 6
              },
              {
                "period": 2,
                "numStreams": 154
              }
            ]
          },
          {
            "month": 11,
            "biweeklyStreams": [
              {
                "period": 1,
                "numStreams": 1
              }
            ]
          },
          {
            "month": 8,
            "biweeklyStreams": [
              {
                "period": 1,
                "numStreams": 10
              },
              {
                "period": 2,
                "numStreams": 19
              }
            ]
          },
          {
            "month": 4,
            "biweeklyStreams": [
              {
                "period": 1,
                "numStreams": 14
              },
              {
                "period": 2,
                "numStreams": 43
              }
            ]
          }
        ]
      }
    ],
    "topArtistMilliseconds": 123100900,
    "topArtistFanPercentage": 0.0029815754
  },
  "topGenres": {
    "topGenres": [
      "argentine rock",
      "rock",
      "pop",
      "trova",
      "argentine indie"
    ],
    "numberGenres": 43
  },
  "topPodcasts": {
    "topPodcastsUri": [
    ],
    "topPodcastPercentage": 0.0,
    "totalPodcastMilliseconds": 10103249
  },
  "topTracks": {
    "topTracks": [
      "spotify:track:47rrhPXwe6sfKtIDwJAsO4",
      "spotify:track:2fuN5UVkZFtak2aOpXJSln",
      "spotify:track:6rg1MBZqggsQ5olFGTw0rr",
      "spotify:track:3hNKWD8kkxOEJ7K90PjWri",
      "spotify:track:61zbxB39zUY5oxBvEvvMYv"
    ],
    "topTrackPlayCount": 51,
    "topTrackFirstPlayedDate": "2023-01-11",
    "distinctTracksPlayed": 3553
  },
  "yearlyMetrics": {
    "totalMsListened": 2170802816,
    "mostListenedDay": "2023-08-15",
    "mostListenedDayMinutes": 714.9576,
    "percentGreaterThanWorldwideUsers": 91.751076
  },
  "darkMode": {
    "creatureOfHabit": "BOOKKEEPER"
  }
}