{
  "tracks": [
  ],
  "albums": [
    {
      "artist": "Spaghetti Western",
      "album": "Spaghetti Western",
      "uri": "spotify:album:6bhV0E39zguKRaBdDs0YX2"
    },
    {
      "artist": "Jack Johnson",
      "album": "In Between Dreams",
      "uri": "spotify:album:2B9q4KPjOEYu885Keo9dfX"
    },
    {
      "artist": "Faye Webster",
      "album": "I Know I'm Funny haha",
      "uri": "spotify:album:424bxvpYyNDM2DFFibeKs0"
    },
    {
      "artist": "Various Artists",
      "album": "Sweeney Todd, The Demon Barber of Fleet Street, The Motion Picture Soundtrack",
      "uri": "spotify:album:0CgTKS2HmWc3JeI9Fit2vX"
    },
    {
      "artist": "Hernán Casciari",
      "album": "Fotos Arruinadas",
      "uri": "spotify:album:41kvTF5DqXzV2yKcYolJya"
    },
    {
      "artist": "Victor Fedotov",
      "album": "Peter Tchaikovsky. The Swan Lake",
      "uri": "spotify:album:2xmj23vvS31oJepvkXuyxY"
    },
    {
      "artist": "Regina Spektor",
      "album": "Mary Ann Meets the Gravediggers and Other Short Stories by Regina Spektor",
      "uri": "spotify:album:7HRbybmcHz91kPl3XYdm9B"
    },
    {
      "artist": "alt-J",
      "album": "An Awesome Wave",
      "uri": "spotify:album:7HOzvP7Ta2lLueojdlJtdZ"
    },
    {
      "artist": "Qi",
      "album": "La misión galáctica",
      "uri": "spotify:album:7vCSZpyXrGFLOulhzPGcpM"
    },
    {
      "artist": "Serú Girán",
      "album": "Yo No Quiero Volverme Tan Loco",
      "uri": "spotify:album:3w5AZnbgckUFu8kcH79DAr"
    },
    {
      "artist": "Jamiroquai",
      "album": "Travelling Without Moving",
      "uri": "spotify:album:39j0mP1Vx1zRKMLMHhybw3"
    },
    {
      "artist": "Pampa Yakuza",
      "album": "Carnaval para tu Desconsuelo",
      "uri": "spotify:album:4B4xUzyxBckVSWUK1rLGIe"
    },
    {
      "artist": "Les Luthiers",
      "album": "Les Luthiers Vol. VII",
      "uri": "spotify:album:1x4CCyaGya6V9XGuDAgPRZ"
    },
    {
      "artist": "Django Reinhardt",
      "album": "The Best Of Django Reinhardt",
      "uri": "spotify:album:6n4MbIocFJ9oHFszyhN1uF"
    },
    {
      "artist": "aru",
      "album": "Origin 原点",
      "uri": "spotify:album:0cPbnG7b4CIzBG82FGfBbh"
    },
    {
      "artist": "Les Luthiers",
      "album": "Hacen Muchas Gracias de Nada",
      "uri": "spotify:album:7yO7zYEYVYpx0Vi1s3sjxQ"
    },
    {
      "artist": "Les Luthiers",
      "album": "Primeros Tiempos",
      "uri": "spotify:album:1UrXKgyN3DI7oLb4nWQnfF"
    },
    {
      "artist": "Onda Vaga",
      "album": "Espíritu Salvaje",
      "uri": "spotify:album:7u56kayTL8HmlvIYA3hGYt"
    },
    {
      "artist": "Jamiroquai",
      "album": "Rock Dust Light Star",
      "uri": "spotify:album:5tyn9W3Nd5ejFm4t06tlWV"
    },
    {
      "artist": "Sampha",
      "album": "Lahai",
      "uri": "spotify:album:5GuWww4OaildzkmTTlfMN3"
    },
    {
      "artist": "The Residents",
      "album": "Meet The Residents",
      "uri": "spotify:album:4qM5MEMdIXr7p7734QEeB0"
    },
    {
      "artist": "John Mayer",
      "album": "Continuum",
      "uri": "spotify:album:1Xsprdt1q9rOzTic7b9zYM"
    },
    {
      "artist": "Various Artists",
      "album": "Sing Street",
      "uri": "spotify:album:5GudCwtzhNLH4K9juCxnMi"
    },
    {
      "artist": "Pappo",
      "album": "Pappo y Amigos, Vol. 1",
      "uri": "spotify:album:1n4QtrIoj08VdG552aKtV5"
    },
    {
      "artist": "Hernán Casciari",
      "album": "Messi Es un Perro",
      "uri": "spotify:album:4j11VBiMXdmWg6kWewmvtJ"
    },
    {
      "artist": "María Elena Walsh",
      "album": "Canciones Para Grandes",
      "uri": "spotify:album:0w2rkPtEO6zq18nrkJkzZb"
    },
    {
      "artist": "John Mayer",
      "album": "The Search for Everything",
      "uri": "spotify:album:0jZFu2tihRJ65iYAo0oOtP"
    },
    {
      "artist": "Maroon 5",
      "album": "Songs About Jane",
      "uri": "spotify:album:7gGcnUEEQgIMV2JRwVQbrF"
    },
    {
      "artist": "Zaz",
      "album": "Effet miroir",
      "uri": "spotify:album:5aM8gkw3dJQ7XSc2Uq8g8a"
    },
    {
      "artist": "Les Misérables Cast",
      "album": "Les Misérables: The Motion Picture Soundtrack Deluxe",
      "uri": "spotify:album:20exLke5P8o4D1Bj4iRcPf"
    },
    {
      "artist": "Charly García",
      "album": "Clics Modernos",
      "uri": "spotify:album:3OyBf97NOuJjhEpQHY920H"
    },
    {
      "artist": "Sumo",
      "album": "Sí o Sí - Diario del Rock Argentino - Sumo",
      "uri": "spotify:album:0abeUjNSrovGBaaEavSfRm"
    },
    {
      "artist": "Les Luthiers",
      "album": "Mastropiero Que Nunca Vol. II (En Vivo)",
      "uri": "spotify:album:2TVbpJOHdhhi4HMCkcSISi"
    },
    {
      "artist": "Girl Talk",
      "album": "Feed the Animals",
      "uri": "spotify:album:1B5Lwt0D1ZetRreaCBYobP"
    },
    {
      "artist": "Les Luthiers",
      "album": "Mastropiero Que Nunca Vol. I (En Vivo)",
      "uri": "spotify:album:5K5sXRnV0fKlRwfAtNguKP"
    },
    {
      "artist": "Amy Winehouse",
      "album": "Frank",
      "uri": "spotify:album:3kGbxqlVl3LqjifxlubtcT"
    },
    {
      "artist": "Jamie Cullum",
      "album": "Interlude",
      "uri": "spotify:album:2P3V9N2u2JNGDKXbDU0weF"
    },
    {
      "artist": "Zaz",
      "album": "Paris",
      "uri": "spotify:album:7iXV74Ij5lEvt6Msi4e12z"
    },
    {
      "artist": "One Million Flowers",
      "album": "Holidays",
      "uri": "spotify:album:0c2j8tKNBHC6QAvUB4YwN4"
    },
    {
      "artist": "Janis Joplin",
      "album": "Janis",
      "uri": "spotify:album:294SMYuchjGEbo3bko8QVt"
    },
    {
      "artist": "3 Doors Down",
      "album": "Us And The Night",
      "uri": "spotify:album:3opqVXEveZ5BOeMq0tS9EF"
    },
    {
      "artist": "Gauchito Club",
      "album": "Vulnerable",
      "uri": "spotify:album:1fLDwkdNXMFKjEdvI1rAap"
    },
    {
      "artist": "Radiohead",
      "album": "In Rainbows",
      "uri": "spotify:album:7eyQXxuf2nGj9d2367Gi5f"
    },
    {
      "artist": "Salta La Banca",
      "album": "Seremos",
      "uri": "spotify:album:53UNPMWw2GFVA3t2C4T7GM"
    },
    {
      "artist": "Les Luthiers",
      "album": "Les Luthiers Vol. IV",
      "uri": "spotify:album:4lUE4nukP26af7kOCpxHVc"
    },
    {
      "artist": "Vox Dei",
      "album": "La Biblia",
      "uri": "spotify:album:1gwVgLfNVV7xb8Ke0qlTna"
    },
    {
      "artist": "John Mayer",
      "album": "Paradise Valley",
      "uri": "spotify:album:712VoD72K500yLhhgqCyVe"
    },
    {
      "artist": "Serú Girán",
      "album": "Serie Oro",
      "uri": "spotify:album:64aCyQaVfqPdDbNz4y7kYx"
    },
    {
      "artist": "Various Artists",
      "album": "Chicago - Music From The Miramax Motion Picture",
      "uri": "spotify:album:3RH2do6C88Owoka8V51LsP"
    },
    {
      "artist": "Pampa Yakuza",
      "album": "Único y Sentido",
      "uri": "spotify:album:41ShcfrlHeiCL4VOtQ3DwS"
    },
    {
      "artist": "Robert Schumann",
      "album": "Schumann: Album for the Young",
      "uri": "spotify:album:0zAGryVqIFExsM17ayKDQr"
    },
    {
      "artist": "Ed Sheeran",
      "album": "+",
      "uri": "spotify:album:02pi98kE0nra0yBqCStzbC"
    },
    {
      "artist": "Various Artists",
      "album": "La La Land",
      "uri": "spotify:album:5p0H50uFCdWTpLY640HoPc"
    },
    {
      "artist": "Zaz",
      "album": "Zaz",
      "uri": "spotify:album:4Z2N4b70UcKbJABiiOanrX"
    },
    {
      "artist": "Pampa Yakuza",
      "album": "ÚnicoySentido",
      "uri": "spotify:album:1SFHdLdrHPcYA7GMLUFzdf"
    },
    {
      "artist": "Sumo",
      "album": "Obras Cumbres",
      "uri": "spotify:album:4PJLMwI0oUtDRTT8auZoaP"
    },
    {
      "artist": "Tabaré Cardozo",
      "album": "& Canciones - Murga & Rock",
      "uri": "spotify:album:4UPSdJeiO8ipkDsDfxOoVo"
    }
  ],
  "shows": [
    {
      "name": "Audiolibro La Ilíada | Homero",
      "publisher": "Audiolibros Remo Erdosain",
      "uri": "spotify:show:2UP9SQ62AUrb5yCucztkSx"
    },
    {
      "name": "Audiolibro La Odisea | Homero",
      "publisher": "Audiolibros Remo Erdosain",
      "uri": "spotify:show:19ziJHv3ywj4FFAqAPEeFI"
    },
    {
      "name": "Contemos Historias",
      "publisher": "Lunfa",
      "uri": "spotify:show:66y21dSNQL1h2B0OUhqnHK"
    },
    {
      "name": "Coronavirus | Breve Podcast de la Pandemia",
      "publisher": "El Gato y la Caja + Posta",
      "uri": "spotify:show:0EiSPDad46tFmhOVQviqTC"
    },
    {
      "name": "Dato Encerrado",
      "publisher": "Dato Encerrado",
      "uri": "spotify:show:179KYhRvU7gRObTHyWnk0I"
    },
    {
      "name": "Deconstruides Podcast",
      "publisher": "El Vahido - 1",
      "uri": "spotify:show:2M0E4PlK4MLnGaac3lBeHt"
    },
    {
      "name": "Digamos todo",
      "publisher": "A24.com",
      "uri": "spotify:show:2W8rg3oZfzp5gNO3A5tRkf"
    },
    {
      "name": "Epistolar",
      "publisher": "Antología de lo íntimo",
      "uri": "spotify:show:6qImtoCIDIlURpuR0Tib4N"
    },
    {
      "name": "Femirulas",
      "publisher": "Femirulas",
      "uri": "spotify:show:6c6foG5vl5pZgvrogoM8h0"
    },
    {
      "name": "Historias Perdidas",
      "publisher": "Clío Podcast",
      "uri": "spotify:show:2juHTbUW50AdvN1sERHDSG"
    },
    {
      "name": "Historias de nuestra historia",
      "publisher": "Radio Nacional Argentina",
      "uri": "spotify:show:2OmwvoWbpUhhlmnZA0757T"
    },
    {
      "name": "JULIO CORTAZAR - AUDIOCUENTOS",
      "publisher": "PERONISMO CREATIVO",
      "uri": "spotify:show:3JyMdgCfk0myfJUlgyV8qz"
    },
    {
      "name": "Kehace Podcast",
      "publisher": "Kehace Podcast",
      "uri": "spotify:show:3MQvpKRUxExQal8w0juvce"
    },
    {
      "name": "Krakozhia Podcast",
      "publisher": "Krakozhia Podcast",
      "uri": "spotify:show:0yKIwnMjuWBCWRgM800hYq"
    },
    {
      "name": "Literalmente",
      "publisher": "Literalmente",
      "uri": "spotify:show:6HUrWzBtGz8heHfnkUDdHC"
    },
    {
      "name": "Mostras del Rock | Por Barbi Recanati",
      "publisher": "Futurock",
      "uri": "spotify:show:1DxzmvIIP3jnSt6aebrXID"
    },
    {
      "name": "Oh, la humanidad",
      "publisher": "El Gato y la Caja + Posta",
      "uri": "spotify:show:3OCGHnRghH4K6xyn5A9UDP"
    },
    {
      "name": "Publicitarias Podcast",
      "publisher": "Publicitarias",
      "uri": "spotify:show:7EO3CcuwjenJUyVowX2WyP"
    },
    {
      "name": "Viajero del Tiempo",
      "publisher": "Spotify Studios",
      "uri": "spotify:show:0JDfxFJLllvVKCjx9wmLnA"
    }
  ],
  "episodes": [
  ],
  "bannedTracks": [
  ],
  "artists": [
    {
      "name": "3 Doors Down",
      "uri": "spotify:artist:2RTUTCvo6onsAnheUk3aL9"
    },
    {
      "name": "Alejandro Fernández",
      "uri": "spotify:artist:7L71LTe0jyH3HIYXee7OFX"
    },
    {
      "name": "Hernán Perez",
      "uri": "spotify:artist:7cGSHL10CNKgtwNY2JnyHX"
    },
    {
      "name": "Jamiroquai",
      "uri": "spotify:artist:6J7biCazzYhU3gM9j1wfid"
    },
    {
      "name": "Julieta Venegas",
      "uri": "spotify:artist:2QWIScpFDNxmS6ZEMIUvgm"
    },
    {
      "name": "Mon Laferte",
      "uri": "spotify:artist:4boI7bJtmB1L3b1cuL75Zr"
    },
    {
      "name": "One Million Flowers",
      "uri": "spotify:artist:4wG9asMejSEaInbXHnc3Zm"
    },
    {
      "name": "Regina Spektor",
      "uri": "spotify:artist:3z6Gk257P9jNcZbBXJNX5i"
    },
    {
      "name": "The Killers",
      "uri": "spotify:artist:0C0XlULifJtAgn6ZNCW2eu"
    },
    {
      "name": "Zaz",
      "uri": "spotify:artist:1mbgj8ERPs8lWi7t5cYrdy"
    },
    {
      "name": "aru",
      "uri": "spotify:artist:7COZCgxVF7VnIZH9gYd4km"
    }
  ],
  "bannedArtists": [
  ],
  "other": [
  ]
}