[ {
  "artistName" : "Victor Heredia",
  "segment" : "Previously Active Listeners"
}, {
  "artistName" : "Juan Carlos Baglietto",
  "segment" : "Previously Active Listeners"
}, {
  "artistName" : "Donna Summer",
  "segment" : "Previously Active Listeners"
}, {
  "artistName" : "Ivan C. Bakmas",
  "segment" : "Previously Active Listeners"
}, {
  "artistName" : "Chuck Berry",
  "segment" : "Previously Active Listeners"
}, {
  "artistName" : "Tommy Torres",
  "segment" : "Previously Active Listeners"
}, {
  "artistName" : "Carla Bruni",
  "segment" : "Previously Active Listeners"
}, {
  "artistName" : "Leslie Grace",
  "segment" : "Previously Active Listeners"
}, {
  "artistName" : "Ivan Noble",
  "segment" : "Previously Active Listeners"
}, {
  "artistName" : "RENEE",
  "segment" : "Previously Active Listeners"
}, {
  "artistName" : "Daniel, Me Estás Matando",
  "segment" : "Previously Active Listeners"
}, {
  "artistName" : "Thayne Jasperson",
  "segment" : "Previously Active Listeners"
}, {
  "artistName" : "Red Hot Org",
  "segment" : "Previously Active Listeners"
}, {
  "artistName" : "Olivia Rodrigo",
  "segment" : "Previously Active Listeners"
}, {
  "artistName" : "Maximo Diego Pujol",
  "segment" : "Previously Active Listeners"
}, {
  "artistName" : "Orchestra del Maggio Musicale Fiorentino",
  "segment" : "Previously Active Listeners"
}, {
  "artistName" : "Norah Jones",
  "segment" : "Previously Active Listeners"
}, {
  "artistName" : "Sebastián Garay",
  "segment" : "Previously Active Listeners"
}, {
  "artistName" : "Tainy",
  "segment" : "Previously Active Listeners"
}, {
  "artistName" : "Brigitte Engerer",
  "segment" : "Previously Active Listeners"
}, {
  "artistName" : "Alessandro Alessandroni",
  "segment" : "Previously Active Listeners"
}, {
  "artistName" : "Rozalén",
  "segment" : "Previously Active Listeners"
}, {
  "artistName" : "David Bisbal",
  "segment" : "Previously Active Listeners"
}, {
  "artistName" : "Billy Bond y La Pesada",
  "segment" : "Previously Active Listeners"
}, {
  "artistName" : "Fred again..",
  "segment" : "Previously Active Listeners"
}, {
  "artistName" : "Blur",
  "segment" : "Previously Active Listeners"
}, {
  "artistName" : "Macaco",
  "segment" : "Previously Active Listeners"
}, {
  "artistName" : "Steve Nelson",
  "segment" : "Previously Active Listeners"
}, {
  "artistName" : "Natalia Lafourcade",
  "segment" : "Previously Active Listeners"
}, {
  "artistName" : "Luck Ra",
  "segment" : "Light listeners"
}, {
  "artistName" : "Paul McCartney",
  "segment" : "Previously Active Listeners"
}, {
  "artistName" : "James Bay",
  "segment" : "Previously Active Listeners"
}, {
  "artistName" : "India Martinez",
  "segment" : "Previously Active Listeners"
}, {
  "artistName" : "Los Auténticos Decadentes",
  "segment" : "Previously Active Listeners"
}, {
  "artistName" : "Lucas Piedra Cueva",
  "segment" : "Previously Active Listeners"
}, {
  "artistName" : "Soichi Muraji",
  "segment" : "Previously Active Listeners"
}, {
  "artistName" : "Alban Berg",
  "segment" : "Previously Active Listeners"
}, {
  "artistName" : "Todos Tus Muertos",
  "segment" : "Previously Active Listeners"
}, {
  "artistName" : "Dire Straits",
  "segment" : "Light listeners"
}, {
  "artistName" : "Aterciopelados",
  "segment" : "Previously Active Listeners"
}, {
  "artistName" : "Cazzu",
  "segment" : "Previously Active Listeners"
}, {
  "artistName" : "JID",
  "segment" : "Previously Active Listeners"
}, {
  "artistName" : "SIAMES",
  "segment" : "Previously Active Listeners"
}, {
  "artistName" : "B.o.B",
  "segment" : "Previously Active Listeners"
}, {
  "artistName" : "Ataraxia",
  "segment" : "Previously Active Listeners"
}, {
  "artistName" : "Reik",
  "segment" : "Previously Active Listeners"
}, {
  "artistName" : "Djavan",
  "segment" : "Previously Active Listeners"
}, {
  "artistName" : "Daniel Binelli",
  "segment" : "Previously Active Listeners"
}, {
  "artistName" : "Benjamín Amadeo",
  "segment" : "Previously Active Listeners"
}, {
  "artistName" : "Rawayana",
  "segment" : "Previously Active Listeners"
}, {
  "artistName" : "Sacha Baron Cohen",
  "segment" : "Previously Active Listeners"
}, {
  "artistName" : "Oscar Peterson Trio",
  "segment" : "Previously Active Listeners"
}, {
  "artistName" : "Milo j",
  "segment" : "Previously Active Listeners"
}, {
  "artistName" : "Fleetwood Mac",
  "segment" : "Super Listeners"
}, {
  "artistName" : "Cole Porter",
  "segment" : "Previously Active Listeners"
}, {
  "artistName" : "Abril Olivera",
  "segment" : "Previously Active Listeners"
}, {
  "artistName" : "Costa",
  "segment" : "Previously Active Listeners"
}, {
  "artistName" : "Estelares",
  "segment" : "Previously Active Listeners"
}, {
  "artistName" : "Jowell & Randy",
  "segment" : "Previously Active Listeners"
}, {
  "artistName" : "Antonio José",
  "segment" : "Previously Active Listeners"
}, {
  "artistName" : "ANAVITÓRIA",
  "segment" : "Previously Active Listeners"
}, {
  "artistName" : "Gisella Giurfa",
  "segment" : "Previously Active Listeners"
}, {
  "artistName" : "Ratones Paranoicos",
  "segment" : "Previously Active Listeners"
}, {
  "artistName" : "Björn Skifs",
  "segment" : "Previously Active Listeners"
}, {
  "artistName" : "Huevo",
  "segment" : "Previously Active Listeners"
}, {
  "artistName" : "Jessica Rothe",
  "segment" : "Previously Active Listeners"
}, {
  "artistName" : "Ennio Morricone",
  "segment" : "Previously Active Listeners"
}, {
  "artistName" : "Spaghetti Western",
  "segment" : "Previously Active Listeners"
}, {
  "artistName" : "Só",
  "segment" : "Previously Active Listeners"
}, {
  "artistName" : "M83",
  "segment" : "Previously Active Listeners"
}, {
  "artistName" : "Sing Street",
  "segment" : "Previously Active Listeners"
}, {
  "artistName" : "Brian Bennett",
  "segment" : "Previously Active Listeners"
}, {
  "artistName" : "Talking Heads",
  "segment" : "Moderate listeners"
}, {
  "artistName" : "Bad Meets Evil",
  "segment" : "Previously Active Listeners"
}, {
  "artistName" : "Los Makenzy",
  "segment" : "Previously Active Listeners"
}, {
  "artistName" : "Dominick Amendum",
  "segment" : "Previously Active Listeners"
}, {
  "artistName" : "R.E.M.",
  "segment" : "Previously Active Listeners"
}, {
  "artistName" : "Los Pericos",
  "segment" : "Previously Active Listeners"
}, {
  "artistName" : "Paz Carrara",
  "segment" : "Previously Active Listeners"
}, {
  "artistName" : "Ángel Ortiz y su Mariachi",
  "segment" : "Previously Active Listeners"
}, {
  "artistName" : "Patricia González",
  "segment" : "Previously Active Listeners"
}, {
  "artistName" : "Wilco",
  "segment" : "Previously Active Listeners"
}, {
  "artistName" : "Pedro Aznar",
  "segment" : "Previously Active Listeners"
}, {
  "artistName" : "Greg Wells",
  "segment" : "Previously Active Listeners"
}, {
  "artistName" : "Oasis",
  "segment" : "Previously Active Listeners"
}, {
  "artistName" : "Black Marble",
  "segment" : "Previously Active Listeners"
}, {
  "artistName" : "Chromatics",
  "segment" : "Previously Active Listeners"
}, {
  "artistName" : "Callejeros",
  "segment" : "Previously Active Listeners"
}, {
  "artistName" : "Bacilos",
  "segment" : "Previously Active Listeners"
}, {
  "artistName" : "Louis Armstrong's All Stars",
  "segment" : "Previously Active Listeners"
}, {
  "artistName" : "Marwán",
  "segment" : "Previously Active Listeners"
}, {
  "artistName" : "107 Faunos",
  "segment" : "Previously Active Listeners"
}, {
  "artistName" : "Intoxicados",
  "segment" : "Previously Active Listeners"
}, {
  "artistName" : "Tita Merello",
  "segment" : "Previously Active Listeners"
}, {
  "artistName" : "Angelo De Augustine",
  "segment" : "Light listeners"
}, {
  "artistName" : "Taiu",
  "segment" : "Previously Active Listeners"
}, {
  "artistName" : "Malena Villa",
  "segment" : "Previously Active Listeners"
}, {
  "artistName" : "Victor Villadangos",
  "segment" : "Previously Active Listeners"
}, {
  "artistName" : "Julieta Rada",
  "segment" : "Previously Active Listeners"
}, {
  "artistName" : "John Williams",
  "segment" : "Previously Active Listeners"
}, {
  "artistName" : "Nina Simone",
  "segment" : "Previously Active Listeners"
}, {
  "artistName" : "Richard Galliano",
  "segment" : "Previously Active Listeners"
}, {
  "artistName" : "Lenny Breau",
  "segment" : "Previously Active Listeners"
}, {
  "artistName" : "Kuribo",
  "segment" : "Previously Active Listeners"
}, {
  "artistName" : "Paco Amoroso",
  "segment" : "Previously Active Listeners"
}, {
  "artistName" : "Jelly Roll Morton",
  "segment" : "Previously Active Listeners"
}, {
  "artistName" : "CHIKA",
  "segment" : "Previously Active Listeners"
}, {
  "artistName" : "Spinvis",
  "segment" : "Previously Active Listeners"
}, {
  "artistName" : "Lo' Pibitos",
  "segment" : "Previously Active Listeners"
}, {
  "artistName" : "Bacao Rhythm & Steel Band",
  "segment" : "Previously Active Listeners"
}, {
  "artistName" : "Gustavo Cerati",
  "segment" : "Previously Active Listeners"
}, {
  "artistName" : "Snarky Puppy",
  "segment" : "Previously Active Listeners"
}, {
  "artistName" : "Dame Joan Sutherland",
  "segment" : "Previously Active Listeners"
}, {
  "artistName" : "Ella Fitzgerald",
  "segment" : "Previously Active Listeners"
}, {
  "artistName" : "Eric Clapton",
  "segment" : "Previously Active Listeners"
}, {
  "artistName" : "Coleman Hawkins",
  "segment" : "Previously Active Listeners"
}, {
  "artistName" : "Fedeflaviano",
  "segment" : "Previously Active Listeners"
}, {
  "artistName" : "Amanda Seyfried",
  "segment" : "Previously Active Listeners"
}, {
  "artistName" : "Paul Lewis",
  "segment" : "Previously Active Listeners"
}, {
  "artistName" : "Orquesta Nacional",
  "segment" : "Previously Active Listeners"
}, {
  "artistName" : "Blue Swede",
  "segment" : "Previously Active Listeners"
}, {
  "artistName" : "The Velvet Underground",
  "segment" : "Previously Active Listeners"
}, {
  "artistName" : "Wham!",
  "segment" : "Previously Active Listeners"
}, {
  "artistName" : "Michel Warlop",
  "segment" : "Previously Active Listeners"
}, {
  "artistName" : "Superlitio",
  "segment" : "Previously Active Listeners"
}, {
  "artistName" : "Gentil Montaña",
  "segment" : "Previously Active Listeners"
}, {
  "artistName" : "Mariano Mores",
  "segment" : "Previously Active Listeners"
}, {
  "artistName" : "Graham Nash",
  "segment" : "Previously Active Listeners"
}, {
  "artistName" : "Hailee Steinfeld",
  "segment" : "Previously Active Listeners"
}, {
  "artistName" : "Tristam",
  "segment" : "Previously Active Listeners"
}, {
  "artistName" : "John Cruz",
  "segment" : "Previously Active Listeners"
}, {
  "artistName" : "Leonel García",
  "segment" : "Previously Active Listeners"
}, {
  "artistName" : "Lisandro Aristimuño",
  "segment" : "Previously Active Listeners"
}, {
  "artistName" : "Aldo Ranks",
  "segment" : "Previously Active Listeners"
}, {
  "artistName" : "José José",
  "segment" : "Previously Active Listeners"
}, {
  "artistName" : "Spada",
  "segment" : "Previously Active Listeners"
}, {
  "artistName" : "Kanaku y El Tigre",
  "segment" : "Previously Active Listeners"
}, {
  "artistName" : "Cos",
  "segment" : "Previously Active Listeners"
}, {
  "artistName" : "The London Opera Chorus",
  "segment" : "Previously Active Listeners"
}, {
  "artistName" : "Earl Hines",
  "segment" : "Previously Active Listeners"
}, {
  "artistName" : "Jackson Browne",
  "segment" : "Previously Active Listeners"
}, {
  "artistName" : "Red Hot Chili Peppers",
  "segment" : "Previously Active Listeners"
}, {
  "artistName" : "Floricienta",
  "segment" : "Previously Active Listeners"
}, {
  "artistName" : "Bryce Dessner",
  "segment" : "Previously Active Listeners"
}, {
  "artistName" : "Gerry Mulligan",
  "segment" : "Previously Active Listeners"
}, {
  "artistName" : "Mustafunk",
  "segment" : "Previously Active Listeners"
}, {
  "artistName" : "Rels B",
  "segment" : "Previously Active Listeners"
}, {
  "artistName" : "Conociendo Rusia",
  "segment" : "Light listeners"
}, {
  "artistName" : "Jason Vieaux",
  "segment" : "Previously Active Listeners"
}, {
  "artistName" : "David Guetta",
  "segment" : "Previously Active Listeners"
}, {
  "artistName" : "3 Doors Down",
  "segment" : "Moderate listeners"
}, {
  "artistName" : "Conor Hanick",
  "segment" : "Previously Active Listeners"
}, {
  "artistName" : "María Elena Walsh",
  "segment" : "Previously Active Listeners"
}, {
  "artistName" : "Billie Joe Armstrong",
  "segment" : "Previously Active Listeners"
}, {
  "artistName" : "Joni Mitchell",
  "segment" : "Previously Active Listeners"
}, {
  "artistName" : "Harm & Ease",
  "segment" : "Previously Active Listeners"
}, {
  "artistName" : "Gary Lightbody",
  "segment" : "Previously Active Listeners"
}, {
  "artistName" : "Bahiano",
  "segment" : "Previously Active Listeners"
}, {
  "artistName" : "Mystic Braves",
  "segment" : "Previously Active Listeners"
}, {
  "artistName" : "George Harrison",
  "segment" : "Previously Active Listeners"
}, {
  "artistName" : "Jasmine Cephas-Jones",
  "segment" : "Previously Active Listeners"
}, {
  "artistName" : "Jeff Beck",
  "segment" : "Previously Active Listeners"
}, {
  "artistName" : "Daft Punk",
  "segment" : "Previously Active Listeners"
}, {
  "artistName" : "Dizzy Gillespie And His Orchestra",
  "segment" : "Previously Active Listeners"
}, {
  "artistName" : "Alejo",
  "segment" : "Previously Active Listeners"
}, {
  "artistName" : "Nicky Jam",
  "segment" : "Previously Active Listeners"
}, {
  "artistName" : "Laura Itandehui",
  "segment" : "Previously Active Listeners"
}, {
  "artistName" : "The Jam",
  "segment" : "Previously Active Listeners"
}, {
  "artistName" : "Rosie Thomas",
  "segment" : "Previously Active Listeners"
}, {
  "artistName" : "Patricio Rey y sus Redonditos de Ricota",
  "segment" : "Previously Active Listeners"
}, {
  "artistName" : "Naughty Boy",
  "segment" : "Previously Active Listeners"
}, {
  "artistName" : "The Beach Boys",
  "segment" : "Previously Active Listeners"
}, {
  "artistName" : "Cardellino",
  "segment" : "Previously Active Listeners"
}, {
  "artistName" : "Los Fabulosos Cadillacs",
  "segment" : "Previously Active Listeners"
}, {
  "artistName" : "Miranda!",
  "segment" : "Super Listeners"
}, {
  "artistName" : "Monsieur Periné",
  "segment" : "Previously Active Listeners"
}, {
  "artistName" : "Cristóbal Repetto",
  "segment" : "Previously Active Listeners"
}, {
  "artistName" : "Árbol",
  "segment" : "Previously Active Listeners"
}, {
  "artistName" : "Django Reinhardt",
  "segment" : "Previously Active Listeners"
}, {
  "artistName" : "FMK",
  "segment" : "Previously Active Listeners"
}, {
  "artistName" : "Symmetry",
  "segment" : "Previously Active Listeners"
}, {
  "artistName" : "UB40",
  "segment" : "Previously Active Listeners"
}, {
  "artistName" : "Jonathan Groff",
  "segment" : "Previously Active Listeners"
}, {
  "artistName" : "Yahritza Y Su Esencia",
  "segment" : "Moderate listeners"
}, {
  "artistName" : "José Antonio Escobar",
  "segment" : "Previously Active Listeners"
}, {
  "artistName" : "Fabiana Cantilo",
  "segment" : "Previously Active Listeners"
}, {
  "artistName" : "Sonny Rollins",
  "segment" : "Previously Active Listeners"
}, {
  "artistName" : "Mark Ronson",
  "segment" : "Previously Active Listeners"
}, {
  "artistName" : "Glee Cast",
  "segment" : "Previously Active Listeners"
}, {
  "artistName" : "Froid",
  "segment" : "Previously Active Listeners"
}, {
  "artistName" : "Metronomy",
  "segment" : "Previously Active Listeners"
}, {
  "artistName" : "Aníbal Troilo",
  "segment" : "Previously Active Listeners"
}, {
  "artistName" : "Lenny Kravitz",
  "segment" : "Previously Active Listeners"
}, {
  "artistName" : "Spinetta Jade",
  "segment" : "Previously Active Listeners"
}, {
  "artistName" : "Hombres G",
  "segment" : "Previously Active Listeners"
}, {
  "artistName" : "Milky Chance",
  "segment" : "Previously Active Listeners"
}, {
  "artistName" : "Soy Rada and the Colibriquis",
  "segment" : "Previously Active Listeners"
}, {
  "artistName" : "Lucy Dacus",
  "segment" : "Previously Active Listeners"
}, {
  "artistName" : "Black Pumas",
  "segment" : "Previously Active Listeners"
}, {
  "artistName" : "The Animals",
  "segment" : "Previously Active Listeners"
}, {
  "artistName" : "Linda Ronstadt",
  "segment" : "Previously Active Listeners"
}, {
  "artistName" : "Aaron Tveit",
  "segment" : "Previously Active Listeners"
}, {
  "artistName" : "El Mató a un Policía Motorizado",
  "segment" : "Previously Active Listeners"
}, {
  "artistName" : "tatool",
  "segment" : "Previously Active Listeners"
}, {
  "artistName" : "Daniela Spalla",
  "segment" : "Previously Active Listeners"
}, {
  "artistName" : "Coti",
  "segment" : "Previously Active Listeners"
}, {
  "artistName" : "Las Áñez",
  "segment" : "Previously Active Listeners"
}, {
  "artistName" : "Erasure",
  "segment" : "Previously Active Listeners"
}, {
  "artistName" : "Goyo Degano",
  "segment" : "Previously Active Listeners"
}, {
  "artistName" : "The Marías",
  "segment" : "Previously Active Listeners"
}, {
  "artistName" : "Stéphane Grappelli",
  "segment" : "Previously Active Listeners"
}, {
  "artistName" : "Alain Goraguer",
  "segment" : "Previously Active Listeners"
}, {
  "artistName" : "Sandra Mihanovich",
  "segment" : "Previously Active Listeners"
}, {
  "artistName" : "Ice Spice",
  "segment" : "Previously Active Listeners"
}, {
  "artistName" : "La Lá",
  "segment" : "Previously Active Listeners"
}, {
  "artistName" : "Nashy-Nashai",
  "segment" : "Previously Active Listeners"
}, {
  "artistName" : "Louis Armstrong And His Orchestra",
  "segment" : "Previously Active Listeners"
}, {
  "artistName" : "Acus",
  "segment" : "Previously Active Listeners"
}, {
  "artistName" : "Madonna",
  "segment" : "Previously Active Listeners"
}, {
  "artistName" : "Benja Torres",
  "segment" : "Previously Active Listeners"
}, {
  "artistName" : "Julian Kartun",
  "segment" : "Previously Active Listeners"
}, {
  "artistName" : "Aitana",
  "segment" : "Previously Active Listeners"
}, {
  "artistName" : "Alanis Morissette",
  "segment" : "Previously Active Listeners"
}, {
  "artistName" : "Cosméticos",
  "segment" : "Previously Active Listeners"
}, {
  "artistName" : "Ruben Rada",
  "segment" : "Previously Active Listeners"
}, {
  "artistName" : "Michael Kiwanuka",
  "segment" : "Previously Active Listeners"
}, {
  "artistName" : "Malú",
  "segment" : "Previously Active Listeners"
}, {
  "artistName" : "John Mayer",
  "segment" : "Previously Active Listeners"
}, {
  "artistName" : "Dani Martín",
  "segment" : "Previously Active Listeners"
}, {
  "artistName" : "Kimbra",
  "segment" : "Previously Active Listeners"
}, {
  "artistName" : "MANU OLIVA",
  "segment" : "Previously Active Listeners"
}, {
  "artistName" : "Girl Talk",
  "segment" : "Previously Active Listeners"
}, {
  "artistName" : "System Of A Down",
  "segment" : "Moderate listeners"
}, {
  "artistName" : "Sabrina Carpenter",
  "segment" : "Previously Active Listeners"
}, {
  "artistName" : "Daniel Melero",
  "segment" : "Previously Active Listeners"
}, {
  "artistName" : "Nacho Amil",
  "segment" : "Previously Active Listeners"
}, {
  "artistName" : "Soul Asylum",
  "segment" : "Previously Active Listeners"
}, {
  "artistName" : "Ramin Djawadi",
  "segment" : "Previously Active Listeners"
}, {
  "artistName" : "Laura Pausini",
  "segment" : "Previously Active Listeners"
}, {
  "artistName" : "Sufjan Stevens",
  "segment" : "Super Listeners"
}, {
  "artistName" : "One Million Flowers",
  "segment" : "Previously Active Listeners"
}, {
  "artistName" : "Carole King",
  "segment" : "Moderate listeners"
}, {
  "artistName" : "Sam Smith",
  "segment" : "Previously Active Listeners"
}, {
  "artistName" : "Brett Dennen",
  "segment" : "Previously Active Listeners"
}, {
  "artistName" : "Duki",
  "segment" : "Previously Active Listeners"
}, {
  "artistName" : "Tan Bionica",
  "segment" : "Previously Active Listeners"
}, {
  "artistName" : "Rodridi",
  "segment" : "Previously Active Listeners"
}, {
  "artistName" : "Dani Umpi",
  "segment" : "Previously Active Listeners"
}, {
  "artistName" : "Sting",
  "segment" : "Previously Active Listeners"
}, {
  "artistName" : "Alejandro Lerner",
  "segment" : "Previously Active Listeners"
}, {
  "artistName" : "Mancha De Rolando",
  "segment" : "Previously Active Listeners"
}, {
  "artistName" : "Fonseca",
  "segment" : "Previously Active Listeners"
}, {
  "artistName" : "Lammot",
  "segment" : "Previously Active Listeners"
}, {
  "artistName" : "Isla Mujeres",
  "segment" : "Previously Active Listeners"
}, {
  "artistName" : "Sandra Carrasco",
  "segment" : "Previously Active Listeners"
}, {
  "artistName" : "Brian Eno",
  "segment" : "Previously Active Listeners"
}, {
  "artistName" : "Maná",
  "segment" : "Previously Active Listeners"
}, {
  "artistName" : "Interference",
  "segment" : "Previously Active Listeners"
}, {
  "artistName" : "Jota.pê",
  "segment" : "Previously Active Listeners"
}, {
  "artistName" : "Jorge Morel",
  "segment" : "Previously Active Listeners"
}, {
  "artistName" : "Nat King Cole",
  "segment" : "Previously Active Listeners"
}, {
  "artistName" : "Jack Dolman",
  "segment" : "Previously Active Listeners"
}, {
  "artistName" : "The White Stripes",
  "segment" : "Previously Active Listeners"
}, {
  "artistName" : "Martín Longoni",
  "segment" : "Previously Active Listeners"
}, {
  "artistName" : "Thelonious Monk",
  "segment" : "Previously Active Listeners"
}, {
  "artistName" : "Tony Bennett",
  "segment" : "Previously Active Listeners"
}, {
  "artistName" : "The Factory Girls",
  "segment" : "Previously Active Listeners"
}, {
  "artistName" : "The Rolling Stones",
  "segment" : "Previously Active Listeners"
}, {
  "artistName" : "Viejas Locas",
  "segment" : "Previously Active Listeners"
}, {
  "artistName" : "Carmina Cannavino",
  "segment" : "Previously Active Listeners"
}, {
  "artistName" : "Adrianne Lenker",
  "segment" : "Previously Active Listeners"
}, {
  "artistName" : "FKJ",
  "segment" : "Previously Active Listeners"
}, {
  "artistName" : "Dillom",
  "segment" : "Previously Active Listeners"
}, {
  "artistName" : "*NSYNC",
  "segment" : "Previously Active Listeners"
}, {
  "artistName" : "Roadetrix",
  "segment" : "Previously Active Listeners"
}, {
  "artistName" : "Wisin",
  "segment" : "Previously Active Listeners"
}, {
  "artistName" : "Guasones",
  "segment" : "Previously Active Listeners"
}, {
  "artistName" : "AllttA",
  "segment" : "Previously Active Listeners"
}, {
  "artistName" : "Wiz Khalifa",
  "segment" : "Previously Active Listeners"
}, {
  "artistName" : "Kany García",
  "segment" : "Previously Active Listeners"
}, {
  "artistName" : "Marvin Gaye",
  "segment" : "Previously Active Listeners"
}, {
  "artistName" : "Estopa",
  "segment" : "Previously Active Listeners"
}, {
  "artistName" : "The Beatles",
  "segment" : "Super Listeners"
}, {
  "artistName" : "Attaque 77",
  "segment" : "Previously Active Listeners"
}, {
  "artistName" : "John Coltrane",
  "segment" : "Previously Active Listeners"
}, {
  "artistName" : "Los Amigos Invisibles",
  "segment" : "Previously Active Listeners"
}, {
  "artistName" : "G-DRAGON",
  "segment" : "Previously Active Listeners"
}, {
  "artistName" : "Las Pelotas",
  "segment" : "Previously Active Listeners"
}, {
  "artistName" : "Tears For Fears",
  "segment" : "Previously Active Listeners"
}, {
  "artistName" : "Pedro Pastor",
  "segment" : "Previously Active Listeners"
}, {
  "artistName" : "Big Thief",
  "segment" : "Previously Active Listeners"
}, {
  "artistName" : "La Skandalosa Tripulación",
  "segment" : "Previously Active Listeners"
}, {
  "artistName" : "Divididos",
  "segment" : "Previously Active Listeners"
}, {
  "artistName" : "Antonio Carmona",
  "segment" : "Previously Active Listeners"
}, {
  "artistName" : "Marshmello",
  "segment" : "Previously Active Listeners"
}, {
  "artistName" : "Villano Antillano",
  "segment" : "Previously Active Listeners"
}, {
  "artistName" : "Coro Laus Deo",
  "segment" : "Previously Active Listeners"
}, {
  "artistName" : "PJ Harvey",
  "segment" : "Previously Active Listeners"
}, {
  "artistName" : "Chris Stapleton",
  "segment" : "Previously Active Listeners"
}, {
  "artistName" : "Charly García",
  "segment" : "Previously Active Listeners"
}, {
  "artistName" : "Cítrico",
  "segment" : "Previously Active Listeners"
}, {
  "artistName" : "Farruko",
  "segment" : "Previously Active Listeners"
}, {
  "artistName" : "Psyche",
  "segment" : "Previously Active Listeners"
}, {
  "artistName" : "Camila",
  "segment" : "Previously Active Listeners"
}, {
  "artistName" : "Maria Becerra",
  "segment" : "Previously Active Listeners"
}, {
  "artistName" : "Beny Jr",
  "segment" : "Previously Active Listeners"
}, {
  "artistName" : "spedup trends",
  "segment" : "Previously Active Listeners"
}, {
  "artistName" : "Dan Croll",
  "segment" : "Previously Active Listeners"
}, {
  "artistName" : "Frank Trumbauer And His Orchestra",
  "segment" : "Previously Active Listeners"
}, {
  "artistName" : "Christopher Fitzgerald",
  "segment" : "Previously Active Listeners"
}, {
  "artistName" : "Poly Styrene",
  "segment" : "Previously Active Listeners"
}, {
  "artistName" : "Rosario",
  "segment" : "Previously Active Listeners"
}, {
  "artistName" : "Katy Perry",
  "segment" : "Previously Active Listeners"
}, {
  "artistName" : "Taylor Swift",
  "segment" : "Previously Active Listeners"
}, {
  "artistName" : "Jamiroquai",
  "segment" : "Super Listeners"
}, {
  "artistName" : "Muppet DJ",
  "segment" : "Previously Active Listeners"
}, {
  "artistName" : "Roberto Donati",
  "segment" : "Previously Active Listeners"
}, {
  "artistName" : "Michael Jackson",
  "segment" : "Previously Active Listeners"
}, {
  "artistName" : "Tania Libertad",
  "segment" : "Previously Active Listeners"
}, {
  "artistName" : "Art Tatum",
  "segment" : "Previously Active Listeners"
}, {
  "artistName" : "Omar Courtz",
  "segment" : "Previously Active Listeners"
}, {
  "artistName" : "Elisabeth Roma",
  "segment" : "Previously Active Listeners"
}, {
  "artistName" : "María Wolff",
  "segment" : "Previously Active Listeners"
}, {
  "artistName" : "Alan Hawkshaw",
  "segment" : "Previously Active Listeners"
}, {
  "artistName" : "Mesita",
  "segment" : "Previously Active Listeners"
}, {
  "artistName" : "Qi",
  "segment" : "Previously Active Listeners"
}, {
  "artistName" : "C. Tangana",
  "segment" : "Previously Active Listeners"
}, {
  "artistName" : "Mengãn",
  "segment" : "Previously Active Listeners"
}, {
  "artistName" : "Kun Agüero",
  "segment" : "Previously Active Listeners"
}, {
  "artistName" : "Bradley Cooper",
  "segment" : "Previously Active Listeners"
}, {
  "artistName" : "Ariana Grande",
  "segment" : "Previously Active Listeners"
}, {
  "artistName" : "bennya",
  "segment" : "Previously Active Listeners"
}, {
  "artistName" : "Egberto Gismonti",
  "segment" : "Previously Active Listeners"
}, {
  "artistName" : "Illya Kuryaki & The Valderramas",
  "segment" : "Previously Active Listeners"
}, {
  "artistName" : "Kaori Muraji",
  "segment" : "Previously Active Listeners"
}, {
  "artistName" : "Aqua",
  "segment" : "Previously Active Listeners"
}, {
  "artistName" : "RichaadEB",
  "segment" : "Previously Active Listeners"
}, {
  "artistName" : "Mabela Martínez",
  "segment" : "Previously Active Listeners"
}, {
  "artistName" : "León Gieco",
  "segment" : "Previously Active Listeners"
}, {
  "artistName" : "TINI",
  "segment" : "Light listeners"
}, {
  "artistName" : "L-Gante",
  "segment" : "Previously Active Listeners"
}, {
  "artistName" : "James Horner",
  "segment" : "Previously Active Listeners"
}, {
  "artistName" : "Coleman Hawkins And His Orchestra",
  "segment" : "Previously Active Listeners"
}, {
  "artistName" : "Glen Hansard",
  "segment" : "Previously Active Listeners"
}, {
  "artistName" : "Duran Duran",
  "segment" : "Moderate listeners"
}, {
  "artistName" : "Bad Gyal",
  "segment" : "Previously Active Listeners"
}, {
  "artistName" : "Susumu Yokota",
  "segment" : "Previously Active Listeners"
}, {
  "artistName" : "Dani Ribba",
  "segment" : "Previously Active Listeners"
}, {
  "artistName" : "Charter School Students",
  "segment" : "Previously Active Listeners"
}, {
  "artistName" : "Famasloop",
  "segment" : "Previously Active Listeners"
}, {
  "artistName" : "Bad Bunny",
  "segment" : "Previously Active Listeners"
}, {
  "artistName" : "Antonino Votto",
  "segment" : "Previously Active Listeners"
}, {
  "artistName" : "Big Brother & The Holding Company",
  "segment" : "Previously Active Listeners"
}, {
  "artistName" : "Jon Sarta",
  "segment" : "Previously Active Listeners"
}, {
  "artistName" : "La Maquina De Hacer Pájaros",
  "segment" : "Previously Active Listeners"
}, {
  "artistName" : "Niño de Elche",
  "segment" : "Previously Active Listeners"
}, {
  "artistName" : "Carlos Jean",
  "segment" : "Previously Active Listeners"
}, {
  "artistName" : "Ine Güemes",
  "segment" : "Previously Active Listeners"
}, {
  "artistName" : "Los Bunkers",
  "segment" : "Previously Active Listeners"
}, {
  "artistName" : "Gilberto Gil",
  "segment" : "Previously Active Listeners"
}, {
  "artistName" : "Helena Bonham Carter",
  "segment" : "Previously Active Listeners"
}, {
  "artistName" : "Valdes",
  "segment" : "Previously Active Listeners"
}, {
  "artistName" : "Mats Bergström",
  "segment" : "Previously Active Listeners"
}, {
  "artistName" : "Maréh",
  "segment" : "Previously Active Listeners"
}, {
  "artistName" : "Fito Paez",
  "segment" : "Super Listeners"
}, {
  "artistName" : "benny blanco",
  "segment" : "Previously Active Listeners"
}, {
  "artistName" : "Chiljud",
  "segment" : "Previously Active Listeners"
}, {
  "artistName" : "Manuel Carrasco",
  "segment" : "Previously Active Listeners"
}, {
  "artistName" : "Stephen Schwartz",
  "segment" : "Previously Active Listeners"
}, {
  "artistName" : "Florence + The Machine",
  "segment" : "Previously Active Listeners"
}, {
  "artistName" : "Jósean Log",
  "segment" : "Previously Active Listeners"
}, {
  "artistName" : "Zuaraz",
  "segment" : "Previously Active Listeners"
}, {
  "artistName" : "Delacruz",
  "segment" : "Previously Active Listeners"
}, {
  "artistName" : "Vulfpeck",
  "segment" : "Previously Active Listeners"
}, {
  "artistName" : "Silva",
  "segment" : "Previously Active Listeners"
}, {
  "artistName" : "Nico Muhly",
  "segment" : "Previously Active Listeners"
}, {
  "artistName" : "National Philharmonic Orchestra",
  "segment" : "Previously Active Listeners"
}, {
  "artistName" : "Nicki Minaj",
  "segment" : "Previously Active Listeners"
}, {
  "artistName" : "Zoé",
  "segment" : "Previously Active Listeners"
}, {
  "artistName" : "Chillhop World",
  "segment" : "Previously Active Listeners"
}, {
  "artistName" : "LOUTA",
  "segment" : "Previously Active Listeners"
}, {
  "artistName" : "Eddy Capparelli",
  "segment" : "Previously Active Listeners"
}, {
  "artistName" : "Marilina Bertoldi",
  "segment" : "Previously Active Listeners"
}, {
  "artistName" : "Sonoya Mizuno",
  "segment" : "Previously Active Listeners"
}, {
  "artistName" : "La Vela Puerca",
  "segment" : "Previously Active Listeners"
}, {
  "artistName" : "Nouvelle Vague",
  "segment" : "Previously Active Listeners"
}, {
  "artistName" : "Stan Getz",
  "segment" : "Previously Active Listeners"
}, {
  "artistName" : "Zak Abel",
  "segment" : "Previously Active Listeners"
}, {
  "artistName" : "Pala",
  "segment" : "Previously Active Listeners"
}, {
  "artistName" : "Train",
  "segment" : "Previously Active Listeners"
}, {
  "artistName" : "Swing Slow",
  "segment" : "Previously Active Listeners"
}, {
  "artistName" : "Franz Ferdinand",
  "segment" : "Previously Active Listeners"
}, {
  "artistName" : "Big One",
  "segment" : "Previously Active Listeners"
}, {
  "artistName" : "piwifuntime",
  "segment" : "Previously Active Listeners"
}, {
  "artistName" : "Arbolito",
  "segment" : "Previously Active Listeners"
}, {
  "artistName" : "Lila Downs",
  "segment" : "Previously Active Listeners"
}, {
  "artistName" : "William Youmans",
  "segment" : "Previously Active Listeners"
}, {
  "artistName" : "Wally Lopez",
  "segment" : "Previously Active Listeners"
}, {
  "artistName" : "Buena Vista Social Club",
  "segment" : "Previously Active Listeners"
}, {
  "artistName" : "Nacha Pop",
  "segment" : "Previously Active Listeners"
}, {
  "artistName" : "Gesaffelstein",
  "segment" : "Previously Active Listeners"
}, {
  "artistName" : "El Club de la Cumbia",
  "segment" : "Previously Active Listeners"
}, {
  "artistName" : "Mark Lanegan",
  "segment" : "Previously Active Listeners"
}, {
  "artistName" : "Man Ray",
  "segment" : "Previously Active Listeners"
}, {
  "artistName" : "Melingo",
  "segment" : "Previously Active Listeners"
}, {
  "artistName" : "Tropkillaz",
  "segment" : "Previously Active Listeners"
}, {
  "artistName" : "Niña Pastori",
  "segment" : "Previously Active Listeners"
}, {
  "artistName" : "Julio Sosa",
  "segment" : "Previously Active Listeners"
}, {
  "artistName" : "Mercedes Sosa",
  "segment" : "Previously Active Listeners"
}, {
  "artistName" : "Astor Piazzolla Y Su Orchestra",
  "segment" : "Previously Active Listeners"
}, {
  "artistName" : "Love of Lesbian",
  "segment" : "Previously Active Listeners"
}, {
  "artistName" : "Noriel",
  "segment" : "Previously Active Listeners"
}, {
  "artistName" : "Boney M.",
  "segment" : "Previously Active Listeners"
}, {
  "artistName" : "Niall Byrne",
  "segment" : "Previously Active Listeners"
}, {
  "artistName" : "Beck",
  "segment" : "Previously Active Listeners"
}, {
  "artistName" : "Rosita Guzmán",
  "segment" : "Previously Active Listeners"
}, {
  "artistName" : "Johnny Jewel",
  "segment" : "Previously Active Listeners"
}, {
  "artistName" : "Los Abuelos De La Nada",
  "segment" : "Light listeners"
}, {
  "artistName" : "John Lennon",
  "segment" : "Previously Active Listeners"
}, {
  "artistName" : "Onda Vaga",
  "segment" : "Previously Active Listeners"
}, {
  "artistName" : "Dominic Fike",
  "segment" : "Previously Active Listeners"
}, {
  "artistName" : "Snoop Dogg",
  "segment" : "Previously Active Listeners"
}, {
  "artistName" : "Nonpalidece",
  "segment" : "Previously Active Listeners"
}, {
  "artistName" : "Sandro",
  "segment" : "Previously Active Listeners"
}, {
  "artistName" : "Radiohead",
  "segment" : "Previously Active Listeners"
}, {
  "artistName" : "Indios",
  "segment" : "Super Listeners"
}, {
  "artistName" : "Bruno Mars",
  "segment" : "Previously Active Listeners"
}, {
  "artistName" : "Pim Pau",
  "segment" : "Previously Active Listeners"
}, {
  "artistName" : "Miguel Bosé",
  "segment" : "Previously Active Listeners"
}, {
  "artistName" : "La Húngara",
  "segment" : "Previously Active Listeners"
}, {
  "artistName" : "Luz María Carriquiry",
  "segment" : "Previously Active Listeners"
}, {
  "artistName" : "Santi Celli",
  "segment" : "Previously Active Listeners"
}, {
  "artistName" : "David Bowie",
  "segment" : "Moderate listeners"
}, {
  "artistName" : "Daveed Diggs",
  "segment" : "Previously Active Listeners"
}, {
  "artistName" : "Jonas Brothers",
  "segment" : "Previously Active Listeners"
}, {
  "artistName" : "Los Lunes Que Quedan",
  "segment" : "Previously Active Listeners"
}, {
  "artistName" : "Pierre-Laurent Aimard",
  "segment" : "Previously Active Listeners"
}, {
  "artistName" : "Friccion",
  "segment" : "Previously Active Listeners"
}, {
  "artistName" : "Kygo",
  "segment" : "Previously Active Listeners"
}, {
  "artistName" : "Wolfgang Amadeus Mozart",
  "segment" : "Previously Active Listeners"
}, {
  "artistName" : "1915",
  "segment" : "Previously Active Listeners"
}, {
  "artistName" : "Suéter",
  "segment" : "Previously Active Listeners"
}, {
  "artistName" : "Barbie Williams",
  "segment" : "Previously Active Listeners"
}, {
  "artistName" : "Tony Sheridan",
  "segment" : "Previously Active Listeners"
}, {
  "artistName" : "Miguel Cantilo",
  "segment" : "Previously Active Listeners"
}, {
  "artistName" : "Japanese Breakfast",
  "segment" : "Previously Active Listeners"
}, {
  "artistName" : "Adriana Varela",
  "segment" : "Previously Active Listeners"
}, {
  "artistName" : "Renée Elise Goldsberry",
  "segment" : "Previously Active Listeners"
}, {
  "artistName" : "Celil Refik Kaya",
  "segment" : "Previously Active Listeners"
}, {
  "artistName" : "Nicki Nicole",
  "segment" : "Light listeners"
}, {
  "artistName" : "Dua Lipa",
  "segment" : "Moderate listeners"
}, {
  "artistName" : "Sumo",
  "segment" : "Light listeners"
}, {
  "artistName" : "Arcane",
  "segment" : "Previously Active Listeners"
}, {
  "artistName" : "The Kansas City Six",
  "segment" : "Previously Active Listeners"
}, {
  "artistName" : "Bandalos Chinos",
  "segment" : "Previously Active Listeners"
}, {
  "artistName" : "Cristian Castro",
  "segment" : "Previously Active Listeners"
}, {
  "artistName" : "Al Stone",
  "segment" : "Previously Active Listeners"
}, {
  "artistName" : "The Magic Numbers",
  "segment" : "Previously Active Listeners"
}, {
  "artistName" : "Dean Fraser",
  "segment" : "Previously Active Listeners"
}, {
  "artistName" : "La Delio Valdez",
  "segment" : "Previously Active Listeners"
}, {
  "artistName" : "Bia Ferreira",
  "segment" : "Previously Active Listeners"
}, {
  "artistName" : "Willy Crook",
  "segment" : "Previously Active Listeners"
}, {
  "artistName" : "Jules Buckley",
  "segment" : "Previously Active Listeners"
}, {
  "artistName" : "Muse",
  "segment" : "Previously Active Listeners"
}, {
  "artistName" : "Miloš Karadaglić",
  "segment" : "Previously Active Listeners"
}, {
  "artistName" : "Tash Sultana",
  "segment" : "Previously Active Listeners"
}, {
  "artistName" : "MECHAYRXMEO",
  "segment" : "Previously Active Listeners"
}, {
  "artistName" : "Jarabe De Palo",
  "segment" : "Previously Active Listeners"
}, {
  "artistName" : "Noemi",
  "segment" : "Previously Active Listeners"
}, {
  "artistName" : "María Dueñas",
  "segment" : "Previously Active Listeners"
}, {
  "artistName" : "Hipnotica",
  "segment" : "Previously Active Listeners"
}, {
  "artistName" : "Francis Amante",
  "segment" : "Previously Active Listeners"
}, {
  "artistName" : "Rupert Holmes",
  "segment" : "Previously Active Listeners"
}, {
  "artistName" : "Studioorchester der Europäischen FilmPhilharmonie",
  "segment" : "Previously Active Listeners"
}, {
  "artistName" : "Juana La Loca",
  "segment" : "Previously Active Listeners"
}, {
  "artistName" : "Agarrate Catalina",
  "segment" : "Previously Active Listeners"
}, {
  "artistName" : "BTS",
  "segment" : "Previously Active Listeners"
}, {
  "artistName" : "Luke Combs",
  "segment" : "Previously Active Listeners"
}, {
  "artistName" : "Vox Dei",
  "segment" : "Previously Active Listeners"
}, {
  "artistName" : "SHIGEO SEKITO",
  "segment" : "Previously Active Listeners"
}, {
  "artistName" : "Litto Nebbia",
  "segment" : "Previously Active Listeners"
}, {
  "artistName" : "Adanowsky",
  "segment" : "Previously Active Listeners"
}, {
  "artistName" : "Giacomo Puccini",
  "segment" : "Previously Active Listeners"
}, {
  "artistName" : "Annie Lennox",
  "segment" : "Previously Active Listeners"
}, {
  "artistName" : "Louis Vola",
  "segment" : "Previously Active Listeners"
}, {
  "artistName" : "Trueno",
  "segment" : "Previously Active Listeners"
}, {
  "artistName" : "Jon Rua",
  "segment" : "Previously Active Listeners"
}, {
  "artistName" : "The Band",
  "segment" : "Previously Active Listeners"
}, {
  "artistName" : "Javier Lazo",
  "segment" : "Previously Active Listeners"
}, {
  "artistName" : "HAIM",
  "segment" : "Previously Active Listeners"
}, {
  "artistName" : "La Valenti",
  "segment" : "Previously Active Listeners"
}, {
  "artistName" : "Silk Sonic",
  "segment" : "Previously Active Listeners"
}, {
  "artistName" : "Calle 13",
  "segment" : "Previously Active Listeners"
}, {
  "artistName" : "Néstor Marconi",
  "segment" : "Previously Active Listeners"
}, {
  "artistName" : "Bombai",
  "segment" : "Previously Active Listeners"
}, {
  "artistName" : "El Soldado",
  "segment" : "Previously Active Listeners"
}, {
  "artistName" : "Ornette Coleman",
  "segment" : "Previously Active Listeners"
}, {
  "artistName" : "Liniker",
  "segment" : "Previously Active Listeners"
}, {
  "artistName" : "Grover Washington, Jr.",
  "segment" : "Previously Active Listeners"
}, {
  "artistName" : "Of Monsters and Men",
  "segment" : "Previously Active Listeners"
}, {
  "artistName" : "Eurythmics",
  "segment" : "Previously Active Listeners"
}, {
  "artistName" : "Roberto Goyeneche",
  "segment" : "Previously Active Listeners"
}, {
  "artistName" : "Cachorro Lopez",
  "segment" : "Previously Active Listeners"
}, {
  "artistName" : "Gotye",
  "segment" : "Previously Active Listeners"
}, {
  "artistName" : "Paté de Fuá",
  "segment" : "Previously Active Listeners"
}, {
  "artistName" : "Sharanya Devarakonda",
  "segment" : "Previously Active Listeners"
}, {
  "artistName" : "Standly",
  "segment" : "Previously Active Listeners"
}, {
  "artistName" : "Aleks Syntek",
  "segment" : "Previously Active Listeners"
}, {
  "artistName" : "Esteman",
  "segment" : "Previously Active Listeners"
}, {
  "artistName" : "Indio Solari",
  "segment" : "Previously Active Listeners"
}, {
  "artistName" : "L'Impératrice",
  "segment" : "Previously Active Listeners"
}, {
  "artistName" : "La La Land Cast",
  "segment" : "Previously Active Listeners"
}, {
  "artistName" : "The Crusaders",
  "segment" : "Previously Active Listeners"
}, {
  "artistName" : "Vanesa Martín",
  "segment" : "Previously Active Listeners"
}, {
  "artistName" : "Ana Mena",
  "segment" : "Previously Active Listeners"
}, {
  "artistName" : "Carolina Donati",
  "segment" : "Previously Active Listeners"
}, {
  "artistName" : "FLORIAN",
  "segment" : "Moderate listeners"
}, {
  "artistName" : "Thalia",
  "segment" : "Previously Active Listeners"
}, {
  "artistName" : "Juanes",
  "segment" : "Previously Active Listeners"
}, {
  "artistName" : "MØ",
  "segment" : "Previously Active Listeners"
}, {
  "artistName" : "Juan D'Arienzo",
  "segment" : "Previously Active Listeners"
}, {
  "artistName" : "Bersuit Vergarabat",
  "segment" : "Previously Active Listeners"
}, {
  "artistName" : "Marc Kenny",
  "segment" : "Previously Active Listeners"
}, {
  "artistName" : "Daniel Melingo",
  "segment" : "Previously Active Listeners"
}, {
  "artistName" : "Sasha Baron Cohen",
  "segment" : "Previously Active Listeners"
}, {
  "artistName" : "Adam Holzman",
  "segment" : "Previously Active Listeners"
}, {
  "artistName" : "Christopher Jackson",
  "segment" : "Previously Active Listeners"
}, {
  "artistName" : "Christian Lindberg",
  "segment" : "Previously Active Listeners"
}, {
  "artistName" : "Leiva",
  "segment" : "Previously Active Listeners"
}, {
  "artistName" : "DT.Bilardo",
  "segment" : "Previously Active Listeners"
}, {
  "artistName" : "George Martin",
  "segment" : "Previously Active Listeners"
}, {
  "artistName" : "James McAlister",
  "segment" : "Previously Active Listeners"
}, {
  "artistName" : "Candelaria Zamar",
  "segment" : "Previously Active Listeners"
}, {
  "artistName" : "Ara Malikian",
  "segment" : "Previously Active Listeners"
}, {
  "artistName" : "Samantha Barks",
  "segment" : "Previously Active Listeners"
}, {
  "artistName" : "Lord Huron",
  "segment" : "Previously Active Listeners"
}, {
  "artistName" : "Pablo Milanés",
  "segment" : "Previously Active Listeners"
}, {
  "artistName" : "Måneskin",
  "segment" : "Previously Active Listeners"
}, {
  "artistName" : "Bix Beiderbecke",
  "segment" : "Previously Active Listeners"
}, {
  "artistName" : "Los Cantantes Catolicos",
  "segment" : "Previously Active Listeners"
}, {
  "artistName" : "Father John Misty",
  "segment" : "Previously Active Listeners"
}, {
  "artistName" : "Rayo aka Big Buda",
  "segment" : "Light listeners"
}, {
  "artistName" : "Leslie Odom Jr.",
  "segment" : "Previously Active Listeners"
}, {
  "artistName" : "Serj Tankian",
  "segment" : "Previously Active Listeners"
}, {
  "artistName" : "Francisco Canaro Y Su Orquesta Tipica",
  "segment" : "Previously Active Listeners"
}, {
  "artistName" : "Lorde",
  "segment" : "Previously Active Listeners"
}, {
  "artistName" : "Buck Meek",
  "segment" : "Previously Active Listeners"
}, {
  "artistName" : "Francisco Canaro",
  "segment" : "Previously Active Listeners"
}, {
  "artistName" : "Gabo Ferro",
  "segment" : "Previously Active Listeners"
}, {
  "artistName" : "Yves Tumor",
  "segment" : "Moderate listeners"
}, {
  "artistName" : "Alfa Mist",
  "segment" : "Previously Active Listeners"
}, {
  "artistName" : "Quásar",
  "segment" : "Previously Active Listeners"
}, {
  "artistName" : "Jairo",
  "segment" : "Previously Active Listeners"
}, {
  "artistName" : "The Weeknd",
  "segment" : "Previously Active Listeners"
}, {
  "artistName" : "Guns N' Roses",
  "segment" : "Light listeners"
}, {
  "artistName" : "Phoebe Bridgers",
  "segment" : "Previously Active Listeners"
}, {
  "artistName" : "Rita Payés",
  "segment" : "Previously Active Listeners"
}, {
  "artistName" : "Los Encargados",
  "segment" : "Previously Active Listeners"
}, {
  "artistName" : "20syl",
  "segment" : "Previously Active Listeners"
}, {
  "artistName" : "Rata Blanca",
  "segment" : "Previously Active Listeners"
}, {
  "artistName" : "Jaime Weytens",
  "segment" : "Previously Active Listeners"
}, {
  "artistName" : "Rise Against",
  "segment" : "Previously Active Listeners"
}, {
  "artistName" : "Lady Gaga",
  "segment" : "Previously Active Listeners"
}, {
  "artistName" : "Joaquín Sabina",
  "segment" : "Previously Active Listeners"
}, {
  "artistName" : "Imagine Dragons",
  "segment" : "Previously Active Listeners"
}, {
  "artistName" : "Augusto Bracho",
  "segment" : "Previously Active Listeners"
}, {
  "artistName" : "Moses Sumney",
  "segment" : "Light listeners"
}, {
  "artistName" : "Electric Youth",
  "segment" : "Previously Active Listeners"
}, {
  "artistName" : "Los Desconocidos De Siempre",
  "segment" : "Previously Active Listeners"
}, {
  "artistName" : "Pampa Yakuza",
  "segment" : "Previously Active Listeners"
}, {
  "artistName" : "Invisible",
  "segment" : "Previously Active Listeners"
}, {
  "artistName" : "U2",
  "segment" : "Previously Active Listeners"
}, {
  "artistName" : "Vinícius",
  "segment" : "Previously Active Listeners"
}, {
  "artistName" : "Lin-Manuel Miranda",
  "segment" : "Previously Active Listeners"
}, {
  "artistName" : "Tensnake",
  "segment" : "Previously Active Listeners"
}, {
  "artistName" : "Sebastián Teysera",
  "segment" : "Previously Active Listeners"
}, {
  "artistName" : "Joss Stone",
  "segment" : "Previously Active Listeners"
}, {
  "artistName" : "Earth, Wind & Fire",
  "segment" : "Previously Active Listeners"
}, {
  "artistName" : "ZZ Top",
  "segment" : "Previously Active Listeners"
}, {
  "artistName" : "JOK3R",
  "segment" : "Previously Active Listeners"
}, {
  "artistName" : "The Chieftains",
  "segment" : "Previously Active Listeners"
}, {
  "artistName" : "The Electric Blues Society",
  "segment" : "Previously Active Listeners"
}, {
  "artistName" : "Phillipa Soo",
  "segment" : "Previously Active Listeners"
}, {
  "artistName" : "Noah Kahan",
  "segment" : "Previously Active Listeners"
}, {
  "artistName" : "TORRES",
  "segment" : "Previously Active Listeners"
}, {
  "artistName" : "Knxwledge",
  "segment" : "Previously Active Listeners"
}, {
  "artistName" : "Mr. J. Medeiros",
  "segment" : "Previously Active Listeners"
}, {
  "artistName" : "Usted Señalemelo",
  "segment" : "Previously Active Listeners"
}, {
  "artistName" : "Sebastian Jantos",
  "segment" : "Previously Active Listeners"
}, {
  "artistName" : "Pablo Alborán",
  "segment" : "Previously Active Listeners"
}, {
  "artistName" : "Antonio Orozco",
  "segment" : "Previously Active Listeners"
}, {
  "artistName" : "Astor Piazzolla",
  "segment" : "Previously Active Listeners"
}, {
  "artistName" : "Khalid",
  "segment" : "Previously Active Listeners"
}, {
  "artistName" : "Las Ligas Menores",
  "segment" : "Previously Active Listeners"
}, {
  "artistName" : "Miharu Koshi",
  "segment" : "Previously Active Listeners"
}, {
  "artistName" : "Patti Smith",
  "segment" : "Previously Active Listeners"
}, {
  "artistName" : "Bill Hudson",
  "segment" : "Previously Active Listeners"
}, {
  "artistName" : "Black Eyed Peas",
  "segment" : "Previously Active Listeners"
}, {
  "artistName" : "Jorge Villamizar",
  "segment" : "Previously Active Listeners"
}, {
  "artistName" : "Ignacio Corsini",
  "segment" : "Previously Active Listeners"
}, {
  "artistName" : "Gepe",
  "segment" : "Previously Active Listeners"
}, {
  "artistName" : "Gustavo Pena - El Príncipe",
  "segment" : "Previously Active Listeners"
}, {
  "artistName" : "Swae Lee",
  "segment" : "Previously Active Listeners"
}, {
  "artistName" : "DBBD",
  "segment" : "Previously Active Listeners"
}, {
  "artistName" : "Arctic Monkeys",
  "segment" : "Previously Active Listeners"
}, {
  "artistName" : "Berliner Symphoniker",
  "segment" : "Previously Active Listeners"
}, {
  "artistName" : "Duke Ellington Orchestra",
  "segment" : "Previously Active Listeners"
}, {
  "artistName" : "Ángel Vargas",
  "segment" : "Previously Active Listeners"
}, {
  "artistName" : "Luis Miguel",
  "segment" : "Previously Active Listeners"
}, {
  "artistName" : "Duna",
  "segment" : "Previously Active Listeners"
}, {
  "artistName" : "CA7RIEL & Paco Amoroso",
  "segment" : "Previously Active Listeners"
}, {
  "artistName" : "The Smiths",
  "segment" : "Moderate listeners"
}, {
  "artistName" : "un muerto mas",
  "segment" : "Previously Active Listeners"
}, {
  "artistName" : "Bebe",
  "segment" : "Previously Active Listeners"
}, {
  "artistName" : "Gregory and the Hawk",
  "segment" : "Previously Active Listeners"
}, {
  "artistName" : "Yussef Dayes",
  "segment" : "Previously Active Listeners"
}, {
  "artistName" : "Vinocio",
  "segment" : "Previously Active Listeners"
}, {
  "artistName" : "Dean Lewis",
  "segment" : "Previously Active Listeners"
}, {
  "artistName" : "Rosario Bléfari",
  "segment" : "Previously Active Listeners"
}, {
  "artistName" : "Daisy Jones & The Six",
  "segment" : "Previously Active Listeners"
}, {
  "artistName" : "Turf",
  "segment" : "Previously Active Listeners"
}, {
  "artistName" : "Juan Ingaramo",
  "segment" : "Previously Active Listeners"
}, {
  "artistName" : "Coldplay",
  "segment" : "Previously Active Listeners"
}, {
  "artistName" : "Julieta Venegas",
  "segment" : "Previously Active Listeners"
}, {
  "artistName" : "Pasión Vega",
  "segment" : "Previously Active Listeners"
}, {
  "artistName" : "Vetusta Morla",
  "segment" : "Previously Active Listeners"
}, {
  "artistName" : "Ed Sheeran",
  "segment" : "Previously Active Listeners"
}, {
  "artistName" : "GIT",
  "segment" : "Previously Active Listeners"
}, {
  "artistName" : "Blake Shelton",
  "segment" : "Previously Active Listeners"
}, {
  "artistName" : "Nito Mestre",
  "segment" : "Previously Active Listeners"
}, {
  "artistName" : "Osvaldo Ruggiero",
  "segment" : "Previously Active Listeners"
}, {
  "artistName" : "Edmundo Rivero",
  "segment" : "Previously Active Listeners"
}, {
  "artistName" : "Post Malone",
  "segment" : "Previously Active Listeners"
}, {
  "artistName" : "The Quarrymen",
  "segment" : "Previously Active Listeners"
}, {
  "artistName" : "ROSALÍA",
  "segment" : "Super Listeners"
}, {
  "artistName" : "Najwa",
  "segment" : "Previously Active Listeners"
}, {
  "artistName" : "Lil Wayne",
  "segment" : "Previously Active Listeners"
}, {
  "artistName" : "Isabelle Allen",
  "segment" : "Previously Active Listeners"
}, {
  "artistName" : "Tokischa",
  "segment" : "Previously Active Listeners"
}, {
  "artistName" : "Mistinguett",
  "segment" : "Previously Active Listeners"
}, {
  "artistName" : "Tom's Story",
  "segment" : "Previously Active Listeners"
}, {
  "artistName" : "MYGAL",
  "segment" : "Previously Active Listeners"
}, {
  "artistName" : "Javiera Mena",
  "segment" : "Previously Active Listeners"
}, {
  "artistName" : "Calequi y Las Panteras",
  "segment" : "Previously Active Listeners"
}, {
  "artistName" : "Gypsy Jazz Caravan",
  "segment" : "Previously Active Listeners"
}, {
  "artistName" : "Sean McCourt",
  "segment" : "Previously Active Listeners"
}, {
  "artistName" : "Los Daniels",
  "segment" : "Previously Active Listeners"
}, {
  "artistName" : "Megadeth",
  "segment" : "Previously Active Listeners"
}, {
  "artistName" : "Pescado Rabioso",
  "segment" : "Previously Active Listeners"
}, {
  "artistName" : "Alejandro Balbis",
  "segment" : "Previously Active Listeners"
}, {
  "artistName" : "No Te Va Gustar",
  "segment" : "Previously Active Listeners"
}, {
  "artistName" : "KAROL G",
  "segment" : "Previously Active Listeners"
}, {
  "artistName" : "La Bomba de Tiempo",
  "segment" : "Previously Active Listeners"
}, {
  "artistName" : "Pamela Rodriguez",
  "segment" : "Previously Active Listeners"
}, {
  "artistName" : "Los Pleneros de la Cresta",
  "segment" : "Previously Active Listeners"
}, {
  "artistName" : "Jaime Urrutia",
  "segment" : "Previously Active Listeners"
}, {
  "artistName" : "Francisco, el Hombre",
  "segment" : "Previously Active Listeners"
}, {
  "artistName" : "Taye Diggs",
  "segment" : "Previously Active Listeners"
}, {
  "artistName" : "Alberto Podestá",
  "segment" : "Previously Active Listeners"
}, {
  "artistName" : "Cristy Candler",
  "segment" : "Previously Active Listeners"
}, {
  "artistName" : "Almendra",
  "segment" : "Previously Active Listeners"
}, {
  "artistName" : "Los Mangrulleros",
  "segment" : "Previously Active Listeners"
}, {
  "artistName" : "Alberto Morán",
  "segment" : "Previously Active Listeners"
}, {
  "artistName" : "Richard Bonynge",
  "segment" : "Previously Active Listeners"
}, {
  "artistName" : "Arquero",
  "segment" : "Previously Active Listeners"
}, {
  "artistName" : "Tom Petty",
  "segment" : "Previously Active Listeners"
}, {
  "artistName" : "Normani",
  "segment" : "Previously Active Listeners"
}, {
  "artistName" : "Marsheaux",
  "segment" : "Previously Active Listeners"
}, {
  "artistName" : "Omar Varela",
  "segment" : "Previously Active Listeners"
}, {
  "artistName" : "Los Piojos",
  "segment" : "Previously Active Listeners"
}, {
  "artistName" : "Champion Jack Dupree",
  "segment" : "Previously Active Listeners"
}, {
  "artistName" : "Cardi B",
  "segment" : "Previously Active Listeners"
}, {
  "artistName" : "Leopoldo Federico y su Orquesta Tipica",
  "segment" : "Previously Active Listeners"
}, {
  "artistName" : "Alabama Shakes",
  "segment" : "Previously Active Listeners"
}, {
  "artistName" : "Men I Trust",
  "segment" : "Previously Active Listeners"
}, {
  "artistName" : "Faye Webster",
  "segment" : "Previously Active Listeners"
}, {
  "artistName" : "Tame Impala",
  "segment" : "Previously Active Listeners"
}, {
  "artistName" : "Anne Hathaway",
  "segment" : "Previously Active Listeners"
}, {
  "artistName" : "Ronald Langestraat",
  "segment" : "Previously Active Listeners"
}, {
  "artistName" : "Sílvia Pérez Cruz",
  "segment" : "Moderate listeners"
}, {
  "artistName" : "Francisca Valenzuela",
  "segment" : "Light listeners"
}, {
  "artistName" : "Lito Vitale",
  "segment" : "Previously Active Listeners"
}, {
  "artistName" : "Carajo",
  "segment" : "Previously Active Listeners"
}, {
  "artistName" : "Ventarrón",
  "segment" : "Previously Active Listeners"
}, {
  "artistName" : "Alexandre Tharaud",
  "segment" : "Previously Active Listeners"
}, {
  "artistName" : "David Lebón",
  "segment" : "Previously Active Listeners"
}, {
  "artistName" : "Wolf Alice",
  "segment" : "Light listeners"
}, {
  "artistName" : "Prince Royce",
  "segment" : "Previously Active Listeners"
}, {
  "artistName" : "Lionel Hampton And His Orchestra",
  "segment" : "Previously Active Listeners"
}, {
  "artistName" : "Metropole Orkest",
  "segment" : "Previously Active Listeners"
}, {
  "artistName" : "Pedro Y Pablo",
  "segment" : "Previously Active Listeners"
}, {
  "artistName" : "Emilia",
  "segment" : "Light listeners"
}, {
  "artistName" : "Okieriete Onaodowan",
  "segment" : "Previously Active Listeners"
}, {
  "artistName" : "Estrella Morente",
  "segment" : "Moderate listeners"
}, {
  "artistName" : "Metrópoli",
  "segment" : "Previously Active Listeners"
}, {
  "artistName" : "The Willowz",
  "segment" : "Previously Active Listeners"
}, {
  "artistName" : "BIFE",
  "segment" : "Previously Active Listeners"
}, {
  "artistName" : "George Michael",
  "segment" : "Previously Active Listeners"
}, {
  "artistName" : "Johnny Depp",
  "segment" : "Previously Active Listeners"
}, {
  "artistName" : "Kavinsky",
  "segment" : "Previously Active Listeners"
}, {
  "artistName" : "Andre Ekyan",
  "segment" : "Previously Active Listeners"
}, {
  "artistName" : "Dei V",
  "segment" : "Previously Active Listeners"
}, {
  "artistName" : "Philadelphia Orchestra",
  "segment" : "Previously Active Listeners"
}, {
  "artistName" : "Los Saicos",
  "segment" : "Previously Active Listeners"
}, {
  "artistName" : "David Otero",
  "segment" : "Previously Active Listeners"
}, {
  "artistName" : "Édith Piaf",
  "segment" : "Previously Active Listeners"
}, {
  "artistName" : "Enjambre",
  "segment" : "Previously Active Listeners"
}, {
  "artistName" : "Wings",
  "segment" : "Previously Active Listeners"
}, {
  "artistName" : "Djo",
  "segment" : "Previously Active Listeners"
}, {
  "artistName" : "Cuentos Borgeanos",
  "segment" : "Previously Active Listeners"
}, {
  "artistName" : "Ainda",
  "segment" : "Previously Active Listeners"
}, {
  "artistName" : "Belinda",
  "segment" : "Previously Active Listeners"
}, {
  "artistName" : "Michael Bublé",
  "segment" : "Previously Active Listeners"
}, {
  "artistName" : "Eugenia Leon",
  "segment" : "Previously Active Listeners"
}, {
  "artistName" : "The National",
  "segment" : "Light listeners"
}, {
  "artistName" : "Jean-Guihen Queyras",
  "segment" : "Previously Active Listeners"
}, {
  "artistName" : "Río Roma",
  "segment" : "Previously Active Listeners"
}, {
  "artistName" : "Creedence Clearwater Revival",
  "segment" : "Previously Active Listeners"
}, {
  "artistName" : "Frédéric Chopin",
  "segment" : "Previously Active Listeners"
}, {
  "artistName" : "Evlay",
  "segment" : "Previously Active Listeners"
}, {
  "artistName" : "Hugh Jackman",
  "segment" : "Previously Active Listeners"
}, {
  "artistName" : "Daddy Jean",
  "segment" : "Previously Active Listeners"
}, {
  "artistName" : "El Alfa",
  "segment" : "Previously Active Listeners"
}, {
  "artistName" : "El Kanka",
  "segment" : "Previously Active Listeners"
}, {
  "artistName" : "boygenius",
  "segment" : "Previously Active Listeners"
}, {
  "artistName" : "Maxi Sayes",
  "segment" : "Previously Active Listeners"
}, {
  "artistName" : "Feid",
  "segment" : "Previously Active Listeners"
}, {
  "artistName" : "Metallica",
  "segment" : "Previously Active Listeners"
}, {
  "artistName" : "Samuel Joseph",
  "segment" : "Previously Active Listeners"
}, {
  "artistName" : "Comida China",
  "segment" : "Previously Active Listeners"
}, {
  "artistName" : "Salvapantallas",
  "segment" : "Previously Active Listeners"
}, {
  "artistName" : "Silvio Rodríguez",
  "segment" : "Previously Active Listeners"
}, {
  "artistName" : "Celeste Carballo",
  "segment" : "Previously Active Listeners"
}, {
  "artistName" : "Jorge Fandermole",
  "segment" : "Previously Active Listeners"
}, {
  "artistName" : "Abraham Mateo",
  "segment" : "Previously Active Listeners"
}, {
  "artistName" : "Abel Pintos",
  "segment" : "Previously Active Listeners"
}, {
  "artistName" : "Calvin Harris",
  "segment" : "Previously Active Listeners"
}, {
  "artistName" : "Bad Religion",
  "segment" : "Previously Active Listeners"
}, {
  "artistName" : "Pereza",
  "segment" : "Previously Active Listeners"
}, {
  "artistName" : "Passenger",
  "segment" : "Previously Active Listeners"
}, {
  "artistName" : "SECA Records",
  "segment" : "Previously Active Listeners"
}, {
  "artistName" : "League of Legends",
  "segment" : "Previously Active Listeners"
}, {
  "artistName" : "W.C. Handy",
  "segment" : "Previously Active Listeners"
}, {
  "artistName" : "Anitta",
  "segment" : "Previously Active Listeners"
}, {
  "artistName" : "Adriana Mezzadri",
  "segment" : "Previously Active Listeners"
}, {
  "artistName" : "Don Cornelio Y La Zona",
  "segment" : "Previously Active Listeners"
}, {
  "artistName" : "Ludwig van Beethoven",
  "segment" : "Previously Active Listeners"
}, {
  "artistName" : "NAFTA",
  "segment" : "Previously Active Listeners"
}, {
  "artistName" : "Hole Dweller",
  "segment" : "Previously Active Listeners"
}, {
  "artistName" : "Muerejoven",
  "segment" : "Previously Active Listeners"
}, {
  "artistName" : "Zaz",
  "segment" : "Previously Active Listeners"
}, {
  "artistName" : "Bronco",
  "segment" : "Previously Active Listeners"
}, {
  "artistName" : "Julien Baker",
  "segment" : "Previously Active Listeners"
}, {
  "artistName" : "Better Oblivion Community Center",
  "segment" : "Previously Active Listeners"
}, {
  "artistName" : "Manal",
  "segment" : "Previously Active Listeners"
}, {
  "artistName" : "Conor Oberst",
  "segment" : "Previously Active Listeners"
}, {
  "artistName" : "Luciana Jury",
  "segment" : "Previously Active Listeners"
}, {
  "artistName" : "Quintette du Hot Club de France",
  "segment" : "Previously Active Listeners"
}, {
  "artistName" : "Pappo",
  "segment" : "Previously Active Listeners"
}, {
  "artistName" : "El Zar",
  "segment" : "Previously Active Listeners"
}, {
  "artistName" : "Siddhartha",
  "segment" : "Previously Active Listeners"
}, {
  "artistName" : "Manu Chao",
  "segment" : "Previously Active Listeners"
}, {
  "artistName" : "Stevie Wonder",
  "segment" : "Previously Active Listeners"
}, {
  "artistName" : "Winona Riders",
  "segment" : "Previously Active Listeners"
}, {
  "artistName" : "La Boa de Isaac",
  "segment" : "Previously Active Listeners"
}, {
  "artistName" : "Ricardo Mollo",
  "segment" : "Previously Active Listeners"
}, {
  "artistName" : "Markéta Irglová",
  "segment" : "Previously Active Listeners"
}, {
  "artistName" : "Bases y Condiciones",
  "segment" : "Previously Active Listeners"
}, {
  "artistName" : "Idina Menzel",
  "segment" : "Previously Active Listeners"
}, {
  "artistName" : "Tom Misch",
  "segment" : "Previously Active Listeners"
}, {
  "artistName" : "The Who",
  "segment" : "Previously Active Listeners"
}, {
  "artistName" : "Memu",
  "segment" : "Previously Active Listeners"
}, {
  "artistName" : "IZA",
  "segment" : "Previously Active Listeners"
}, {
  "artistName" : "Gilda",
  "segment" : "Previously Active Listeners"
}, {
  "artistName" : "Steve Reich",
  "segment" : "Previously Active Listeners"
}, {
  "artistName" : "ABBA",
  "segment" : "Previously Active Listeners"
}, {
  "artistName" : "Soledad Pastorutti",
  "segment" : "Previously Active Listeners"
}, {
  "artistName" : "Big Bill Broonzy",
  "segment" : "Previously Active Listeners"
}, {
  "artistName" : "Mocchi",
  "segment" : "Previously Active Listeners"
}, {
  "artistName" : "Ale Sergi",
  "segment" : "Previously Active Listeners"
}, {
  "artistName" : "Antônio Carlos Jobim",
  "segment" : "Previously Active Listeners"
}, {
  "artistName" : "Norbert Leo Butz",
  "segment" : "Previously Active Listeners"
}, {
  "artistName" : "Three Days Grace",
  "segment" : "Previously Active Listeners"
}, {
  "artistName" : "Artkronos",
  "segment" : "Previously Active Listeners"
}, {
  "artistName" : "Bix Beiderbecke and His Gang",
  "segment" : "Previously Active Listeners"
}, {
  "artistName" : "The Jackson 5",
  "segment" : "Previously Active Listeners"
}, {
  "artistName" : "Leo Amaya",
  "segment" : "Previously Active Listeners"
}, {
  "artistName" : "Lana Del Rey",
  "segment" : "Previously Active Listeners"
}, {
  "artistName" : "Halsey",
  "segment" : "Previously Active Listeners"
}, {
  "artistName" : "Various Artists",
  "segment" : "Light listeners"
}, {
  "artistName" : "Dolly Parton",
  "segment" : "Previously Active Listeners"
}, {
  "artistName" : "Timo Andres",
  "segment" : "Previously Active Listeners"
}, {
  "artistName" : "Kraftwerk",
  "segment" : "Previously Active Listeners"
}, {
  "artistName" : "Jorge Luis Borges",
  "segment" : "Previously Active Listeners"
}, {
  "artistName" : "Soda Stereo",
  "segment" : "Light listeners"
}, {
  "artistName" : "Ruzzi",
  "segment" : "Previously Active Listeners"
}, {
  "artistName" : "Bill Cosby",
  "segment" : "Previously Active Listeners"
}, {
  "artistName" : "Patrick Gallois",
  "segment" : "Previously Active Listeners"
}, {
  "artistName" : "Carlos Di Sarli",
  "segment" : "Previously Active Listeners"
}, {
  "artistName" : "Jean-Pierre Rampal",
  "segment" : "Previously Active Listeners"
}, {
  "artistName" : "Paulinho Moska",
  "segment" : "Previously Active Listeners"
}, {
  "artistName" : "Cumbia Club",
  "segment" : "Previously Active Listeners"
}, {
  "artistName" : "Poppy Ajudha",
  "segment" : "Previously Active Listeners"
}, {
  "artistName" : "Fernando Sor",
  "segment" : "Previously Active Listeners"
}, {
  "artistName" : "Vicentico",
  "segment" : "Previously Active Listeners"
}, {
  "artistName" : "NATHY PELUSO",
  "segment" : "Previously Active Listeners"
}, {
  "artistName" : "Arnaud Dumond",
  "segment" : "Previously Active Listeners"
}, {
  "artistName" : "Bill Withers",
  "segment" : "Previously Active Listeners"
}, {
  "artistName" : "OBK",
  "segment" : "Previously Active Listeners"
}, {
  "artistName" : "Joan Manuel Serrat",
  "segment" : "Previously Active Listeners"
}, {
  "artistName" : "Zoe Gotusso",
  "segment" : "Previously Active Listeners"
}, {
  "artistName" : "Santiago Motorizado",
  "segment" : "Moderate listeners"
}, {
  "artistName" : "Michelle Federer",
  "segment" : "Previously Active Listeners"
}, {
  "artistName" : "Simon & Garfunkel",
  "segment" : "Previously Active Listeners"
}, {
  "artistName" : "Gucci Mane",
  "segment" : "Previously Active Listeners"
}, {
  "artistName" : "Redbone",
  "segment" : "Previously Active Listeners"
}, {
  "artistName" : "Anderson .Paak",
  "segment" : "Previously Active Listeners"
}, {
  "artistName" : "Uri",
  "segment" : "Previously Active Listeners"
}, {
  "artistName" : "Pyura",
  "segment" : "Previously Active Listeners"
}, {
  "artistName" : "John Powell",
  "segment" : "Previously Active Listeners"
}, {
  "artistName" : "Regina Spektor",
  "segment" : "Previously Active Listeners"
}, {
  "artistName" : "Juan Magán",
  "segment" : "Previously Active Listeners"
}, {
  "artistName" : "Jason Mraz",
  "segment" : "Previously Active Listeners"
}, {
  "artistName" : "Os Paralamas Do Sucesso",
  "segment" : "Previously Active Listeners"
}, {
  "artistName" : "Nancy Vieira",
  "segment" : "Previously Active Listeners"
}, {
  "artistName" : "Lucy Avilés",
  "segment" : "Previously Active Listeners"
}, {
  "artistName" : "Jack Johnson",
  "segment" : "Previously Active Listeners"
}, {
  "artistName" : "Disney Peaceful Piano",
  "segment" : "Previously Active Listeners"
}, {
  "artistName" : "Juan Gabriel",
  "segment" : "Previously Active Listeners"
}, {
  "artistName" : "Catupecu Machu",
  "segment" : "Previously Active Listeners"
}, {
  "artistName" : "El Canto Del Loco",
  "segment" : "Previously Active Listeners"
}, {
  "artistName" : "Tabaré Cardozo",
  "segment" : "Previously Active Listeners"
}, {
  "artistName" : "Crewrod",
  "segment" : "Previously Active Listeners"
}, {
  "artistName" : "Simon Grossmann",
  "segment" : "Previously Active Listeners"
}, {
  "artistName" : "Yasuaki Shimizu",
  "segment" : "Previously Active Listeners"
}, {
  "artistName" : "Gilsons",
  "segment" : "Previously Active Listeners"
}, {
  "artistName" : "Barco",
  "segment" : "Previously Active Listeners"
}, {
  "artistName" : "Gladys Knight & The Pips",
  "segment" : "Previously Active Listeners"
}, {
  "artistName" : "Emma Stone",
  "segment" : "Previously Active Listeners"
}, {
  "artistName" : "Ben Webster",
  "segment" : "Previously Active Listeners"
}, {
  "artistName" : "Los Tres",
  "segment" : "Previously Active Listeners"
}, {
  "artistName" : "WOS",
  "segment" : "Previously Active Listeners"
}, {
  "artistName" : "Orquesta Osvaldo Pugliese",
  "segment" : "Previously Active Listeners"
}, {
  "artistName" : "Los Locos Descalzos",
  "segment" : "Previously Active Listeners"
}, {
  "artistName" : "Diego El Cigala",
  "segment" : "Previously Active Listeners"
}, {
  "artistName" : "Los Pibes Chorros",
  "segment" : "Previously Active Listeners"
}, {
  "artistName" : "La Portuaria",
  "segment" : "Previously Active Listeners"
}, {
  "artistName" : "Justin Hurwitz",
  "segment" : "Previously Active Listeners"
}, {
  "artistName" : "Ezio Rojatti",
  "segment" : "Previously Active Listeners"
}, {
  "artistName" : "Com Truise",
  "segment" : "Previously Active Listeners"
}, {
  "artistName" : "Chalart58",
  "segment" : "Previously Active Listeners"
}, {
  "artistName" : "Sueños Dorados",
  "segment" : "Previously Active Listeners"
}, {
  "artistName" : "Los Funktasticos Genitales",
  "segment" : "Previously Active Listeners"
}, {
  "artistName" : "Billie Eilish",
  "segment" : "Previously Active Listeners"
}, {
  "artistName" : "Rosario Ortega",
  "segment" : "Previously Active Listeners"
}, {
  "artistName" : "College",
  "segment" : "Previously Active Listeners"
}, {
  "artistName" : "Seprium",
  "segment" : "Previously Active Listeners"
}, {
  "artistName" : "Oscu",
  "segment" : "Previously Active Listeners"
}, {
  "artistName" : "Antonio Lauro",
  "segment" : "Previously Active Listeners"
}, {
  "artistName" : "SYML",
  "segment" : "Previously Active Listeners"
}, {
  "artistName" : "Gian Marco",
  "segment" : "Previously Active Listeners"
}, {
  "artistName" : "Carlos Rivera",
  "segment" : "Previously Active Listeners"
}, {
  "artistName" : "Claude Bolling",
  "segment" : "Previously Active Listeners"
}, {
  "artistName" : "The Chocolate Dandies",
  "segment" : "Previously Active Listeners"
}, {
  "artistName" : "Pedro Capó",
  "segment" : "Previously Active Listeners"
}, {
  "artistName" : "Jesse & Joy",
  "segment" : "Previously Active Listeners"
}, {
  "artistName" : "Z",
  "segment" : "Previously Active Listeners"
}, {
  "artistName" : "RaiNao",
  "segment" : "Previously Active Listeners"
}, {
  "artistName" : "Janis Joplin",
  "segment" : "Previously Active Listeners"
}, {
  "artistName" : "Alejandro Sanz",
  "segment" : "Previously Active Listeners"
}, {
  "artistName" : "Osvaldo Pugliese",
  "segment" : "Previously Active Listeners"
}, {
  "artistName" : "HONNE",
  "segment" : "Previously Active Listeners"
}, {
  "artistName" : "Andrea Echeverri",
  "segment" : "Previously Active Listeners"
}, {
  "artistName" : "Luis Alberto Spinetta",
  "segment" : "Previously Active Listeners"
}, {
  "artistName" : "Bleachers",
  "segment" : "Previously Active Listeners"
}, {
  "artistName" : "Camilo",
  "segment" : "Previously Active Listeners"
}, {
  "artistName" : "James Ingram",
  "segment" : "Previously Active Listeners"
}, {
  "artistName" : "Emmylou Harris",
  "segment" : "Previously Active Listeners"
}, {
  "artistName" : "Rick Astley",
  "segment" : "Previously Active Listeners"
}, {
  "artistName" : "D-Mente",
  "segment" : "Previously Active Listeners"
}, {
  "artistName" : "Rubén Blades",
  "segment" : "Previously Active Listeners"
}, {
  "artistName" : "Rigoberta Bandini",
  "segment" : "Previously Active Listeners"
}, {
  "artistName" : "Queen",
  "segment" : "Light listeners"
}, {
  "artistName" : "Loyle Carner",
  "segment" : "Previously Active Listeners"
}, {
  "artistName" : "Infierno 18",
  "segment" : "Previously Active Listeners"
}, {
  "artistName" : "JAF",
  "segment" : "Previously Active Listeners"
}, {
  "artistName" : "Teddybears",
  "segment" : "Previously Active Listeners"
}, {
  "artistName" : "Jose Luis Merlin",
  "segment" : "Previously Active Listeners"
}, {
  "artistName" : "ACRU",
  "segment" : "Previously Active Listeners"
}, {
  "artistName" : "Mau y Ricky",
  "segment" : "Previously Active Listeners"
}, {
  "artistName" : "Callie Hernandez",
  "segment" : "Previously Active Listeners"
}, {
  "artistName" : "Christoph Israel",
  "segment" : "Previously Active Listeners"
}, {
  "artistName" : "Leseg",
  "segment" : "Previously Active Listeners"
}, {
  "artistName" : "Aerosmith",
  "segment" : "Previously Active Listeners"
}, {
  "artistName" : "Los Prisioneros",
  "segment" : "Previously Active Listeners"
}, {
  "artistName" : "Los Enanitos Verdes",
  "segment" : "Previously Active Listeners"
}, {
  "artistName" : "Miguel Mateos",
  "segment" : "Previously Active Listeners"
}, {
  "artistName" : "Alessandro Safina",
  "segment" : "Previously Active Listeners"
}, {
  "artistName" : "Lafken",
  "segment" : "Previously Active Listeners"
}, {
  "artistName" : "An Espil",
  "segment" : "Previously Active Listeners"
}, {
  "artistName" : "Dorothy Ashby",
  "segment" : "Previously Active Listeners"
}, {
  "artistName" : "Horace Silver",
  "segment" : "Previously Active Listeners"
}, {
  "artistName" : "Pharrell Williams",
  "segment" : "Previously Active Listeners"
}, {
  "artistName" : "Scorpions",
  "segment" : "Previously Active Listeners"
}, {
  "artistName" : "Louis Armstrong",
  "segment" : "Previously Active Listeners"
}, {
  "artistName" : "Charlie Parker",
  "segment" : "Previously Active Listeners"
}, {
  "artistName" : "Peces Raros",
  "segment" : "Previously Active Listeners"
}, {
  "artistName" : "Lali",
  "segment" : "Light listeners"
}, {
  "artistName" : "Dilsinho",
  "segment" : "Previously Active Listeners"
}, {
  "artistName" : "Los Tipitos",
  "segment" : "Previously Active Listeners"
}, {
  "artistName" : "Disney",
  "segment" : "Previously Active Listeners"
}, {
  "artistName" : "Bizarrap",
  "segment" : "Previously Active Listeners"
}, {
  "artistName" : "Cazuza",
  "segment" : "Previously Active Listeners"
}, {
  "artistName" : "Joy Division",
  "segment" : "Moderate listeners"
}, {
  "artistName" : "Itamar Golan",
  "segment" : "Previously Active Listeners"
}, {
  "artistName" : "Kenia Os",
  "segment" : "Previously Active Listeners"
}, {
  "artistName" : "Russell Crowe",
  "segment" : "Previously Active Listeners"
}, {
  "artistName" : "Kevin Johansen",
  "segment" : "Previously Active Listeners"
}, {
  "artistName" : "Baco Exu do Blues",
  "segment" : "Previously Active Listeners"
}, {
  "artistName" : "Gauchito Club",
  "segment" : "Previously Active Listeners"
}, {
  "artistName" : "Ksenija Sidorova",
  "segment" : "Previously Active Listeners"
}, {
  "artistName" : "TOTO",
  "segment" : "Previously Active Listeners"
}, {
  "artistName" : "Pierluigi Colangelo",
  "segment" : "Previously Active Listeners"
}, {
  "artistName" : "Marta Sánchez",
  "segment" : "Previously Active Listeners"
}, {
  "artistName" : "Juliana Gattas",
  "segment" : "Previously Active Listeners"
}, {
  "artistName" : "Martina Topley-Bird",
  "segment" : "Previously Active Listeners"
}, {
  "artistName" : "Molotov",
  "segment" : "Previously Active Listeners"
}, {
  "artistName" : "La Sonora Santanera",
  "segment" : "Previously Active Listeners"
}, {
  "artistName" : "La Oreja de Van Gogh",
  "segment" : "Previously Active Listeners"
}, {
  "artistName" : "Bomba Estéreo",
  "segment" : "Previously Active Listeners"
}, {
  "artistName" : "Los Besos",
  "segment" : "Previously Active Listeners"
}, {
  "artistName" : "Armando Pontier",
  "segment" : "Previously Active Listeners"
}, {
  "artistName" : "Oscar Peterson",
  "segment" : "Previously Active Listeners"
}, {
  "artistName" : "Alvvays",
  "segment" : "Previously Active Listeners"
}, {
  "artistName" : "Delfi Moore",
  "segment" : "Previously Active Listeners"
}, {
  "artistName" : "Güili",
  "segment" : "Previously Active Listeners"
}, {
  "artistName" : "Jimi Hendrix",
  "segment" : "Previously Active Listeners"
}, {
  "artistName" : "Chuwi",
  "segment" : "Previously Active Listeners"
}, {
  "artistName" : "Miguel Mateos - Zas",
  "segment" : "Previously Active Listeners"
}, {
  "artistName" : "Feli Colina",
  "segment" : "Previously Active Listeners"
}, {
  "artistName" : "Piti Fernández",
  "segment" : "Previously Active Listeners"
}, {
  "artistName" : "Giuseppe Verdi",
  "segment" : "Previously Active Listeners"
}, {
  "artistName" : "Ryan Gosling",
  "segment" : "Previously Active Listeners"
}, {
  "artistName" : "MIKA",
  "segment" : "Previously Active Listeners"
}, {
  "artistName" : "4 Non Blondes",
  "segment" : "Previously Active Listeners"
}, {
  "artistName" : "De La Soul",
  "segment" : "Previously Active Listeners"
}, {
  "artistName" : "Raul Porchetto",
  "segment" : "Previously Active Listeners"
}, {
  "artistName" : "Caramelows",
  "segment" : "Previously Active Listeners"
}, {
  "artistName" : "INXS",
  "segment" : "Previously Active Listeners"
}, {
  "artistName" : "Jessie Reyez",
  "segment" : "Previously Active Listeners"
}, {
  "artistName" : "Palta & the mood",
  "segment" : "Previously Active Listeners"
}, {
  "artistName" : "Charlo",
  "segment" : "Previously Active Listeners"
}, {
  "artistName" : "Kristin Chenoweth",
  "segment" : "Previously Active Listeners"
}, {
  "artistName" : "Babasonicos",
  "segment" : "Previously Active Listeners"
}, {
  "artistName" : "Original Broadway Cast of Hamilton",
  "segment" : "Previously Active Listeners"
}, {
  "artistName" : "Renée Zellweger",
  "segment" : "Previously Active Listeners"
}, {
  "artistName" : "Sofía Reyes",
  "segment" : "Previously Active Listeners"
}, {
  "artistName" : "Eva Ayllón",
  "segment" : "Previously Active Listeners"
}, {
  "artistName" : "Willie Nelson",
  "segment" : "Previously Active Listeners"
}, {
  "artistName" : "Dooley Wilson",
  "segment" : "Previously Active Listeners"
}, {
  "artistName" : "Gorillaz",
  "segment" : "Previously Active Listeners"
}, {
  "artistName" : "Karamelo Santo",
  "segment" : "Previously Active Listeners"
}, {
  "artistName" : "Lil Nas X",
  "segment" : "Previously Active Listeners"
}, {
  "artistName" : "Sui Generis",
  "segment" : "Previously Active Listeners"
}, {
  "artistName" : "Pink Floyd",
  "segment" : "Previously Active Listeners"
}, {
  "artistName" : "Massacre",
  "segment" : "Previously Active Listeners"
}, {
  "artistName" : "Sofía Alvez",
  "segment" : "Previously Active Listeners"
}, {
  "artistName" : "Albert Pla",
  "segment" : "Previously Active Listeners"
}, {
  "artistName" : "Thundercat",
  "segment" : "Previously Active Listeners"
}, {
  "artistName" : "Leopold Stokowski",
  "segment" : "Previously Active Listeners"
}, {
  "artistName" : "Catherine Zeta-Jones",
  "segment" : "Previously Active Listeners"
}, {
  "artistName" : "Audrey Koh",
  "segment" : "Previously Active Listeners"
}, {
  "artistName" : "Led Zeppelin",
  "segment" : "Previously Active Listeners"
}, {
  "artistName" : "Waring's Pennsylvanians",
  "segment" : "Previously Active Listeners"
}, {
  "artistName" : "Rubén Juárez",
  "segment" : "Previously Active Listeners"
}, {
  "artistName" : "Ernesto Hermoza",
  "segment" : "Previously Active Listeners"
}, {
  "artistName" : "Tiago PZK",
  "segment" : "Light listeners"
}, {
  "artistName" : "Stars Music Chile",
  "segment" : "Previously Active Listeners"
}, {
  "artistName" : "Emmanuel Horvilleur",
  "segment" : "Previously Active Listeners"
}, {
  "artistName" : "Medium Build",
  "segment" : "Previously Active Listeners"
}, {
  "artistName" : "Tu Otra Bonita",
  "segment" : "Previously Active Listeners"
}, {
  "artistName" : "ÀVUÀ",
  "segment" : "Previously Active Listeners"
}, {
  "artistName" : "Malpaís",
  "segment" : "Previously Active Listeners"
}, {
  "artistName" : "Chris Isaak",
  "segment" : "Previously Active Listeners"
}, {
  "artistName" : "Khruangbin",
  "segment" : "Previously Active Listeners"
}, {
  "artistName" : "Liniker e os Caramelows",
  "segment" : "Previously Active Listeners"
}, {
  "artistName" : "Justin Timberlake",
  "segment" : "Previously Active Listeners"
}, {
  "artistName" : "Mina Tindle",
  "segment" : "Light listeners"
}, {
  "artistName" : "Los Ángeles Azules",
  "segment" : "Previously Active Listeners"
}, {
  "artistName" : "Bob Dylan",
  "segment" : "Previously Active Listeners"
}, {
  "artistName" : "Cris MJ",
  "segment" : "Previously Active Listeners"
}, {
  "artistName" : "BNegão",
  "segment" : "Previously Active Listeners"
}, {
  "artistName" : "Dougie F",
  "segment" : "Moderate listeners"
}, {
  "artistName" : "Björk",
  "segment" : "Moderate listeners"
}, {
  "artistName" : "Young Miko",
  "segment" : "Previously Active Listeners"
}, {
  "artistName" : "John Legend",
  "segment" : "Previously Active Listeners"
}, {
  "artistName" : "Dimitri From Paris",
  "segment" : "Previously Active Listeners"
}, {
  "artistName" : "Chrissie Hynde",
  "segment" : "Previously Active Listeners"
}, {
  "artistName" : "Carminho",
  "segment" : "Moderate listeners"
}, {
  "artistName" : "Dancing Mood",
  "segment" : "Previously Active Listeners"
}, {
  "artistName" : "Loli Molina",
  "segment" : "Previously Active Listeners"
}, {
  "artistName" : "Horacio Ferrer",
  "segment" : "Previously Active Listeners"
}, {
  "artistName" : "wiranda johansen",
  "segment" : "Previously Active Listeners"
}, {
  "artistName" : "Kodak Black",
  "segment" : "Previously Active Listeners"
}, {
  "artistName" : "Jan Neuberger",
  "segment" : "Previously Active Listeners"
}, {
  "artistName" : "dj g2g",
  "segment" : "Previously Active Listeners"
}, {
  "artistName" : "El Kuelgue",
  "segment" : "Previously Active Listeners"
}, {
  "artistName" : "Muerdo",
  "segment" : "Previously Active Listeners"
}, {
  "artistName" : "Carlos Vives",
  "segment" : "Previously Active Listeners"
}, {
  "artistName" : "Los Gatos",
  "segment" : "Previously Active Listeners"
}, {
  "artistName" : "Perotá Chingó",
  "segment" : "Previously Active Listeners"
}, {
  "artistName" : "Ace Waters",
  "segment" : "Previously Active Listeners"
}, {
  "artistName" : "Six Sex",
  "segment" : "Previously Active Listeners"
}, {
  "artistName" : "Residente",
  "segment" : "Previously Active Listeners"
}, {
  "artistName" : "Silvestre y La Naranja",
  "segment" : "Previously Active Listeners"
}, {
  "artistName" : "Rauw Alejandro",
  "segment" : "Previously Active Listeners"
}, {
  "artistName" : "Francisco Esperanza",
  "segment" : "Previously Active Listeners"
}, {
  "artistName" : "Andreas Staier",
  "segment" : "Previously Active Listeners"
}, {
  "artistName" : "Keane",
  "segment" : "Previously Active Listeners"
}, {
  "artistName" : "Les Misérables Cast",
  "segment" : "Previously Active Listeners"
}, {
  "artistName" : "a-ha",
  "segment" : "Previously Active Listeners"
}, {
  "artistName" : "Mort Garson",
  "segment" : "Previously Active Listeners"
}, {
  "artistName" : "Elsa y Elmar",
  "segment" : "Previously Active Listeners"
}, {
  "artistName" : "Memphis La Blusera",
  "segment" : "Previously Active Listeners"
}, {
  "artistName" : "Billy Idol",
  "segment" : "Previously Active Listeners"
}, {
  "artistName" : "Angela Lansbury",
  "segment" : "Previously Active Listeners"
}, {
  "artistName" : "Charli xcx",
  "segment" : "Previously Active Listeners"
}, {
  "artistName" : "Chita",
  "segment" : "Previously Active Listeners"
}, {
  "artistName" : "Robert Schumann",
  "segment" : "Previously Active Listeners"
}, {
  "artistName" : "Juan Falú",
  "segment" : "Previously Active Listeners"
}, {
  "artistName" : "Manuel Medrano",
  "segment" : "Previously Active Listeners"
}, {
  "artistName" : "Morat",
  "segment" : "Previously Active Listeners"
}, {
  "artistName" : "Finghin Collins",
  "segment" : "Previously Active Listeners"
}, {
  "artistName" : "Los Planetas",
  "segment" : "Previously Active Listeners"
}, {
  "artistName" : "La Mala",
  "segment" : "Previously Active Listeners"
}, {
  "artistName" : "Los Caligaris",
  "segment" : "Light listeners"
}, {
  "artistName" : "Grabbitz",
  "segment" : "Previously Active Listeners"
}, {
  "artistName" : "Jordan Rakei",
  "segment" : "Previously Active Listeners"
}, {
  "artistName" : "Gente De Zona",
  "segment" : "Previously Active Listeners"
}, {
  "artistName" : "Axiom Brass",
  "segment" : "Previously Active Listeners"
}, {
  "artistName" : "Militantes del Climax",
  "segment" : "Super Listeners"
}, {
  "artistName" : "Robleis",
  "segment" : "Previously Active Listeners"
}, {
  "artistName" : "Bruna Black",
  "segment" : "Previously Active Listeners"
}, {
  "artistName" : "David Byrne",
  "segment" : "Previously Active Listeners"
}, {
  "artistName" : "Phil Collins",
  "segment" : "Previously Active Listeners"
}, {
  "artistName" : "Various Artists",
  "segment" : "Previously Active Listeners"
}, {
  "artistName" : "Shakira",
  "segment" : "Previously Active Listeners"
}, {
  "artistName" : "Lowell Brams",
  "segment" : "Previously Active Listeners"
}, {
  "artistName" : "Virus",
  "segment" : "Moderate listeners"
}, {
  "artistName" : "Julie Freundt",
  "segment" : "Previously Active Listeners"
}, {
  "artistName" : "Twenty One Pilots",
  "segment" : "Previously Active Listeners"
}, {
  "artistName" : "Sabino",
  "segment" : "Previously Active Listeners"
}, {
  "artistName" : "Ivete Sangalo",
  "segment" : "Previously Active Listeners"
}, {
  "artistName" : "Suarez",
  "segment" : "Previously Active Listeners"
}, {
  "artistName" : "Todo Aparenta Normal",
  "segment" : "Previously Active Listeners"
}, {
  "artistName" : "Airbag",
  "segment" : "Previously Active Listeners"
}, {
  "artistName" : "Soundtrack Wonder Band",
  "segment" : "Previously Active Listeners"
}, {
  "artistName" : "Los Otros Días",
  "segment" : "Previously Active Listeners"
}, {
  "artistName" : "J Balvin",
  "segment" : "Previously Active Listeners"
}, {
  "artistName" : "Paula Fuga",
  "segment" : "Previously Active Listeners"
}, {
  "artistName" : "Chabuco",
  "segment" : "Previously Active Listeners"
}, {
  "artistName" : "Travie McCoy",
  "segment" : "Previously Active Listeners"
}, {
  "artistName" : "Ciro y los Persas",
  "segment" : "Previously Active Listeners"
}, {
  "artistName" : "Nirvana",
  "segment" : "Previously Active Listeners"
}, {
  "artistName" : "Duke Ellington",
  "segment" : "Previously Active Listeners"
}, {
  "artistName" : "Ozzy Osbourne",
  "segment" : "Previously Active Listeners"
}, {
  "artistName" : "Alejandro y Maria Laura",
  "segment" : "Previously Active Listeners"
}, {
  "artistName" : "Zucchero",
  "segment" : "Previously Active Listeners"
}, {
  "artistName" : "MUNA",
  "segment" : "Previously Active Listeners"
}, {
  "artistName" : "Linda McCartney",
  "segment" : "Previously Active Listeners"
}, {
  "artistName" : "Pedro Guerra",
  "segment" : "Previously Active Listeners"
}, {
  "artistName" : "Merce",
  "segment" : "Previously Active Listeners"
}, {
  "artistName" : "Jorge Pardo",
  "segment" : "Previously Active Listeners"
}, {
  "artistName" : "Muchachito Bombo Infierno",
  "segment" : "Previously Active Listeners"
}, {
  "artistName" : "Lidia Barroso",
  "segment" : "Previously Active Listeners"
}, {
  "artistName" : "Omar Mollo",
  "segment" : "Previously Active Listeners"
}, {
  "artistName" : "Eddie Redmayne",
  "segment" : "Previously Active Listeners"
}, {
  "artistName" : "Snow Tha Product",
  "segment" : "Previously Active Listeners"
}, {
  "artistName" : "Paul Simon",
  "segment" : "Previously Active Listeners"
}, {
  "artistName" : "Diego Torres",
  "segment" : "Previously Active Listeners"
}, {
  "artistName" : "Luciano Pavarotti",
  "segment" : "Previously Active Listeners"
}, {
  "artistName" : "Renata Scotto",
  "segment" : "Previously Active Listeners"
}, {
  "artistName" : "Angela Torres",
  "segment" : "Previously Active Listeners"
}, {
  "artistName" : "Manuel Turizo",
  "segment" : "Previously Active Listeners"
}, {
  "artistName" : "Matt Bianco",
  "segment" : "Previously Active Listeners"
}, {
  "artistName" : "Stephen Oremus",
  "segment" : "Previously Active Listeners"
}, {
  "artistName" : "CA7RIEL",
  "segment" : "Previously Active Listeners"
}, {
  "artistName" : "Bunbury",
  "segment" : "Previously Active Listeners"
}, {
  "artistName" : "The Lumineers",
  "segment" : "Previously Active Listeners"
}, {
  "artistName" : "Lester Young",
  "segment" : "Previously Active Listeners"
}, {
  "artistName" : "Juan De Dios Filiberto",
  "segment" : "Previously Active Listeners"
}, {
  "artistName" : "Serú Girán",
  "segment" : "Super Listeners"
}, {
  "artistName" : "Joan Baez",
  "segment" : "Previously Active Listeners"
}, {
  "artistName" : "Gustavo Santaolalla",
  "segment" : "Previously Active Listeners"
}, {
  "artistName" : "Bhavi",
  "segment" : "Previously Active Listeners"
}, {
  "artistName" : "Maroon 5",
  "segment" : "Previously Active Listeners"
}, {
  "artistName" : "Quavo",
  "segment" : "Previously Active Listeners"
}, {
  "artistName" : "Psalm Trees",
  "segment" : "Previously Active Listeners"
}, {
  "artistName" : "Enrique Iglesias",
  "segment" : "Previously Active Listeners"
}, {
  "artistName" : "Go-Neko!",
  "segment" : "Previously Active Listeners"
}, {
  "artistName" : "Amy Winehouse",
  "segment" : "Previously Active Listeners"
}, {
  "artistName" : "Koino Yokan",
  "segment" : "Previously Active Listeners"
}, {
  "artistName" : "Los Rodriguez",
  "segment" : "Previously Active Listeners"
}, {
  "artistName" : "Claude Debussy",
  "segment" : "Previously Active Listeners"
}, {
  "artistName" : "Students",
  "segment" : "Previously Active Listeners"
}, {
  "artistName" : "Gianni Poggi",
  "segment" : "Previously Active Listeners"
}, {
  "artistName" : "Van Halen",
  "segment" : "Previously Active Listeners"
}, {
  "artistName" : "The Black Keys",
  "segment" : "Previously Active Listeners"
}, {
  "artistName" : "Carolina Durante",
  "segment" : "Previously Active Listeners"
}, {
  "artistName" : "Kevin Kaarl",
  "segment" : "Previously Active Listeners"
}, {
  "artistName" : "The Clash",
  "segment" : "Light listeners"
}, {
  "artistName" : "Sampha",
  "segment" : "Previously Active Listeners"
}, {
  "artistName" : "Philippe Brun",
  "segment" : "Previously Active Listeners"
}, {
  "artistName" : "Bessie Smith",
  "segment" : "Previously Active Listeners"
}, {
  "artistName" : "Andrés Calamaro",
  "segment" : "Previously Active Listeners"
}, {
  "artistName" : "Ronjo V",
  "segment" : "Previously Active Listeners"
}, {
  "artistName" : "Tim Maia",
  "segment" : "Previously Active Listeners"
}, {
  "artistName" : "Orquesta Francisco Canaro",
  "segment" : "Previously Active Listeners"
}, {
  "artistName" : "Ewan McGregor",
  "segment" : "Previously Active Listeners"
}, {
  "artistName" : "Dave Stewart",
  "segment" : "Previously Active Listeners"
}, {
  "artistName" : "Lizzy McAlpine",
  "segment" : "Previously Active Listeners"
}, {
  "artistName" : "Sidney Bechet",
  "segment" : "Previously Active Listeners"
}, {
  "artistName" : "Haruomi Hosono",
  "segment" : "Previously Active Listeners"
}, {
  "artistName" : "Manchester Orchestra",
  "segment" : "Previously Active Listeners"
}, {
  "artistName" : "Imelda May",
  "segment" : "Previously Active Listeners"
}, {
  "artistName" : "Jorge Drexler",
  "segment" : "Previously Active Listeners"
}, {
  "artistName" : "Halpe",
  "segment" : "Previously Active Listeners"
}, {
  "artistName" : "The Killers",
  "segment" : "Previously Active Listeners"
}, {
  "artistName" : "Göran Söllscher",
  "segment" : "Previously Active Listeners"
}, {
  "artistName" : "Daniel Maza",
  "segment" : "Previously Active Listeners"
}, {
  "artistName" : "Warner Bros Studio Orchestra",
  "segment" : "Previously Active Listeners"
}, {
  "artistName" : "The Cure",
  "segment" : "Previously Active Listeners"
}, {
  "artistName" : "Tiger Mood",
  "segment" : "Previously Active Listeners"
}, {
  "artistName" : "Barney Artist",
  "segment" : "Previously Active Listeners"
}, {
  "artistName" : "Class Actress",
  "segment" : "Previously Active Listeners"
}, {
  "artistName" : "Crosby, Stills, Nash & Young",
  "segment" : "Previously Active Listeners"
}, {
  "artistName" : "Susana Roca Rey",
  "segment" : "Previously Active Listeners"
}, {
  "artistName" : "NxWorries",
  "segment" : "Previously Active Listeners"
}, {
  "artistName" : "Hernán Perez",
  "segment" : "Previously Active Listeners"
}, {
  "artistName" : "Carlos Gardel",
  "segment" : "Previously Active Listeners"
}, {
  "artistName" : "Bootsy Collins",
  "segment" : "Previously Active Listeners"
}, {
  "artistName" : "SZA",
  "segment" : "Previously Active Listeners"
}, {
  "artistName" : "Leda Valladares",
  "segment" : "Previously Active Listeners"
}, {
  "artistName" : "António Zambujo",
  "segment" : "Previously Active Listeners"
}, {
  "artistName" : "Bon Iver",
  "segment" : "Previously Active Listeners"
}, {
  "artistName" : "Nico",
  "segment" : "Previously Active Listeners"
} ]
