[ {
  "platform" : "",
  "searchTime" : "2025-09-07T15:00:10.037Z[UTC]",
  "searchQuery" : "vl",
  "searchInteractionURIs" : [ ]
}, {
  "platform" : "IPHONE",
  "searchTime" : "2025-09-07T15:00:11.217Z[UTC]",
  "searchQuery" : "vlick",
  "searchInteractionURIs" : [ "spotify:search:vickita" ]
}, {
  "platform" : "IPHONE",
  "searchTime" : "2025-09-07T15:00:16.308Z[UTC]",
  "searchQuery" : "click",
  "searchInteractionURIs" : [ "spotify:album:3OyBf97NOuJjhEpQHY920H" ]
}, {
  "platform" : "",
  "searchTime" : "2025-09-07T16:37:56.071Z[UTC]",
  "searchQuery" : "fi",
  "searchInteractionURIs" : [ ]
}, {
  "platform" : "",
  "searchTime" : "2025-09-07T16:37:56.178Z[UTC]",
  "searchQuery" : "fit",
  "searchInteractionURIs" : [ ]
}, {
  "platform" : "IPHONE",
  "searchTime" : "2025-09-07T16:37:56.685Z[UTC]",
  "searchQuery" : "fito",
  "searchInteractionURIs" : [ "spotify:playlist:37i9dQZF1DZ06evO0E2Rjy", "spotify:album:1qrBKmoNZrXtBnonrHSYsx", "spotify:album:4uOEHOabkf5hmv0ra14XJb" ]
}, {
  "platform" : "",
  "searchTime" : "2025-09-08T02:42:16.014Z[UTC]",
  "searchQuery" : "no ",
  "searchInteractionURIs" : [ ]
}, {
  "platform" : "",
  "searchTime" : "2025-09-08T02:42:16.244Z[UTC]",
  "searchQuery" : "no me d",
  "searchInteractionURIs" : [ ]
}, {
  "platform" : "",
  "searchTime" : "2025-09-08T02:42:16.893Z[UTC]",
  "searchQuery" : "no me dej",
  "searchInteractionURIs" : [ ]
}, {
  "platform" : "",
  "searchTime" : "2025-09-08T02:42:16.902Z[UTC]",
  "searchQuery" : "no me dejan ",
  "searchInteractionURIs" : [ ]
}, {
  "platform" : "",
  "searchTime" : "2025-09-08T02:42:16.917Z[UTC]",
  "searchQuery" : "no me deja",
  "searchInteractionURIs" : [ ]
}, {
  "platform" : "",
  "searchTime" : "2025-09-08T02:42:17.032Z[UTC]",
  "searchQuery" : "no me dejan s",
  "searchInteractionURIs" : [ ]
}, {
  "platform" : "",
  "searchTime" : "2025-09-08T02:42:17.763Z[UTC]",
  "searchQuery" : "no me dejan sali",
  "searchInteractionURIs" : [ ]
}, {
  "platform" : "IPHONE",
  "searchTime" : "2025-09-08T02:42:17.778Z[UTC]",
  "searchQuery" : "no me dejan sal",
  "searchInteractionURIs" : [ "spotify:track:6P6rudfmKr7FyArdyEs0Mk" ]
}, {
  "platform" : "IPHONE",
  "searchTime" : "2025-09-08T02:42:18.273Z[UTC]",
  "searchQuery" : "no me dejan salir",
  "searchInteractionURIs" : [ "spotify:track:7mnf5omGMUwSfpwZrt5AZ0" ]
}, {
  "platform" : "IPHONE",
  "searchTime" : "2025-09-08T03:03:37.457Z[UTC]",
  "searchQuery" : "himno ",
  "searchInteractionURIs" : [ "spotify:track:1TGzIHydkrLZjl1BUyxyZ7" ]
}, {
  "platform" : "",
  "searchTime" : "2025-09-08T03:04:00.957Z[UTC]",
  "searchQuery" : "no me dejan sal",
  "searchInteractionURIs" : [ ]
}, {
  "platform" : "",
  "searchTime" : "2025-09-08T03:10:34.808Z[UTC]",
  "searchQuery" : "no me dejan sal",
  "searchInteractionURIs" : [ ]
}, {
  "platform" : "IPHONE",
  "searchTime" : "2025-09-08T21:25:42.797Z[UTC]",
  "searchQuery" : "jamiro",
  "searchInteractionURIs" : [ "spotify:playlist:5vkv4K9uHgAI6oyLXNPEon" ]
}, {
  "platform" : "IPHONE",
  "searchTime" : "2025-09-09T11:41:35.963Z[UTC]",
  "searchQuery" : "dre",
  "searchInteractionURIs" : [ "spotify:playlist:4I8NAZx4x6lpVy3zXcbJOR" ]
}, {
  "platform" : "",
  "searchTime" : "2025-09-09T11:57:56.257Z[UTC]",
  "searchQuery" : "dre",
  "searchInteractionURIs" : [ ]
}, {
  "platform" : "",
  "searchTime" : "2025-09-09T12:05:22.115Z[UTC]",
  "searchQuery" : "dre",
  "searchInteractionURIs" : [ ]
}, {
  "platform" : "",
  "searchTime" : "2025-09-09T12:08:29.057Z[UTC]",
  "searchQuery" : "dre",
  "searchInteractionURIs" : [ ]
}, {
  "platform" : "",
  "searchTime" : "2025-09-09T12:08:31.980Z[UTC]",
  "searchQuery" : "dre",
  "searchInteractionURIs" : [ ]
}, {
  "platform" : "",
  "searchTime" : "2025-09-09T12:08:46.221Z[UTC]",
  "searchQuery" : "dre",
  "searchInteractionURIs" : [ ]
}, {
  "platform" : "",
  "searchTime" : "2025-09-09T12:10:25.033Z[UTC]",
  "searchQuery" : "dre",
  "searchInteractionURIs" : [ ]
}, {
  "platform" : "",
  "searchTime" : "2025-09-09T12:15:01.899Z[UTC]",
  "searchQuery" : "dre",
  "searchInteractionURIs" : [ ]
}, {
  "platform" : "IPHONE_ARM64",
  "searchTime" : "2025-09-11T23:33:31.398Z[UTC]",
  "searchQuery" : "s",
  "searchInteractionURIs" : [ ]
}, {
  "platform" : "IPHONE",
  "searchTime" : "2025-09-11T23:33:31.952Z[UTC]",
  "searchQuery" : "soda",
  "searchInteractionURIs" : [ "spotify:playlist:0tzFr1oHl1V4nzX12zdB5j" ]
}, {
  "platform" : "",
  "searchTime" : "2025-09-12T00:22:01.296Z[UTC]",
  "searchQuery" : "soda",
  "searchInteractionURIs" : [ ]
}, {
  "platform" : "IPHONE_ARM64",
  "searchTime" : "2025-09-12T00:22:01.654Z[UTC]",
  "searchQuery" : "soda",
  "searchInteractionURIs" : [ ]
}, {
  "platform" : "",
  "searchTime" : "2025-09-12T02:08:05.633Z[UTC]",
  "searchQuery" : "na",
  "searchInteractionURIs" : [ ]
}, {
  "platform" : "",
  "searchTime" : "2025-09-12T02:08:05.739Z[UTC]",
  "searchQuery" : "narigo",
  "searchInteractionURIs" : [ ]
}, {
  "platform" : "",
  "searchTime" : "2025-09-12T02:08:05.748Z[UTC]",
  "searchQuery" : "narigon",
  "searchInteractionURIs" : [ ]
}, {
  "platform" : "IPHONE_ARM64",
  "searchTime" : "2025-09-12T02:08:05.909Z[UTC]",
  "searchQuery" : "nar",
  "searchInteractionURIs" : [ ]
}, {
  "platform" : "",
  "searchTime" : "2025-09-12T02:08:06.076Z[UTC]",
  "searchQuery" : "narigon de",
  "searchInteractionURIs" : [ ]
}, {
  "platform" : "IPHONE",
  "searchTime" : "2025-09-12T02:08:06.651Z[UTC]",
  "searchQuery" : "narigon del",
  "searchInteractionURIs" : [ "spotify:album:4GkZExYLfegidZaO1BgpvU" ]
}, {
  "platform" : "",
  "searchTime" : "2025-09-12T21:06:48.173Z[UTC]",
  "searchQuery" : "vienna",
  "searchInteractionURIs" : [ ]
}, {
  "platform" : "",
  "searchTime" : "2025-09-12T21:06:48.586Z[UTC]",
  "searchQuery" : "vienna",
  "searchInteractionURIs" : [ ]
}, {
  "platform" : "IPHONE",
  "searchTime" : "2025-09-13T17:16:34.504Z[UTC]",
  "searchQuery" : "3 doo",
  "searchInteractionURIs" : [ "spotify:playlist:6q6khr6XdCslOHqY94GmBu" ]
}, {
  "platform" : "",
  "searchTime" : "2025-09-13T17:37:31.121Z[UTC]",
  "searchQuery" : "3 doo",
  "searchInteractionURIs" : [ ]
}, {
  "platform" : "",
  "searchTime" : "2025-09-14T19:12:41.242Z[UTC]",
  "searchQuery" : "n",
  "searchInteractionURIs" : [ ]
}, {
  "platform" : "",
  "searchTime" : "2025-09-14T19:12:41.423Z[UTC]",
  "searchQuery" : "nat",
  "searchInteractionURIs" : [ ]
}, {
  "platform" : "IPHONE",
  "searchTime" : "2025-09-14T19:12:42.893Z[UTC]",
  "searchQuery" : "natalia ",
  "searchInteractionURIs" : [ "spotify:playlist:6OtGD4DyIejEylrYRwUWW6" ]
}, {
  "platform" : "",
  "searchTime" : "2025-09-15T13:55:47.362Z[UTC]",
  "searchQuery" : "vienna",
  "searchInteractionURIs" : [ ]
}, {
  "platform" : "",
  "searchTime" : "2025-09-15T13:55:47.752Z[UTC]",
  "searchQuery" : "vienna",
  "searchInteractionURIs" : [ ]
}, {
  "platform" : "",
  "searchTime" : "2025-09-16T17:40:32.677Z[UTC]",
  "searchQuery" : "potro",
  "searchInteractionURIs" : [ ]
}, {
  "platform" : "",
  "searchTime" : "2025-09-16T17:40:33.028Z[UTC]",
  "searchQuery" : "potro",
  "searchInteractionURIs" : [ ]
}, {
  "platform" : "IPHONE",
  "searchTime" : "2025-09-17T00:22:32.078Z[UTC]",
  "searchQuery" : "paul ",
  "searchInteractionURIs" : [ "spotify:playlist:37i9dQZF1DZ06evO2RMr8k" ]
}, {
  "platform" : "IPHONE",
  "searchTime" : "2025-09-19T13:37:56.951Z[UTC]",
  "searchQuery" : "el mato",
  "searchInteractionURIs" : [ "spotify:artist:5rLsN2LxYaEPLa1N7I2mPB" ]
}, {
  "platform" : "",
  "searchTime" : "2025-09-20T00:04:36.172Z[UTC]",
  "searchQuery" : "les",
  "searchInteractionURIs" : [ ]
}, {
  "platform" : "",
  "searchTime" : "2025-09-20T00:04:36.269Z[UTC]",
  "searchQuery" : "les",
  "searchInteractionURIs" : [ ]
}, {
  "platform" : "",
  "searchTime" : "2025-09-20T00:04:36.270Z[UTC]",
  "searchQuery" : "lesbian",
  "searchInteractionURIs" : [ ]
}, {
  "platform" : "",
  "searchTime" : "2025-09-20T00:04:36.270Z[UTC]",
  "searchQuery" : "les luthiers: grandes exitos",
  "searchInteractionURIs" : [ ]
}, {
  "platform" : "",
  "searchTime" : "2025-09-20T00:04:36.279Z[UTC]",
  "searchQuery" : "les luthiers",
  "searchInteractionURIs" : [ ]
}, {
  "platform" : "IPHONE_ARM64",
  "searchTime" : "2025-09-20T00:04:36.560Z[UTC]",
  "searchQuery" : "le",
  "searchInteractionURIs" : [ ]
}, {
  "platform" : "",
  "searchTime" : "2025-09-20T00:04:36.942Z[UTC]",
  "searchQuery" : "les ze",
  "searchInteractionURIs" : [ ]
}, {
  "platform" : "IPHONE",
  "searchTime" : "2025-09-20T00:04:37.516Z[UTC]",
  "searchQuery" : "les zep",
  "searchInteractionURIs" : [ "spotify:artist:36QJpDe2go2KgaRleHCDTp", "spotify:album:5EyIDBAqhnlkAHqvPRwdbX" ]
}, {
  "platform" : "",
  "searchTime" : "2025-09-20T00:18:21.305Z[UTC]",
  "searchQuery" : "les zep",
  "searchInteractionURIs" : [ ]
}, {
  "platform" : "",
  "searchTime" : "2025-09-23T12:22:05.903Z[UTC]",
  "searchQuery" : "joan ",
  "searchInteractionURIs" : [ ]
}, {
  "platform" : "",
  "searchTime" : "2025-09-23T12:22:05.906Z[UTC]",
  "searchQuery" : "joan ba",
  "searchInteractionURIs" : [ ]
}, {
  "platform" : "",
  "searchTime" : "2025-09-23T12:22:05.908Z[UTC]",
  "searchQuery" : "joa",
  "searchInteractionURIs" : [ ]
}, {
  "platform" : "",
  "searchTime" : "2025-09-23T12:22:05.910Z[UTC]",
  "searchQuery" : "joan b",
  "searchInteractionURIs" : [ ]
}, {
  "platform" : "",
  "searchTime" : "2025-09-23T12:22:05.912Z[UTC]",
  "searchQuery" : "j",
  "searchInteractionURIs" : [ ]
}, {
  "platform" : "",
  "searchTime" : "2025-09-23T12:22:05.978Z[UTC]",
  "searchQuery" : "joan baez bob dylan",
  "searchInteractionURIs" : [ ]
}, {
  "platform" : "",
  "searchTime" : "2025-09-23T12:22:05.978Z[UTC]",
  "searchQuery" : "joan baez",
  "searchInteractionURIs" : [ ]
}, {
  "platform" : "",
  "searchTime" : "2025-09-23T12:22:05.979Z[UTC]",
  "searchQuery" : "joan jett",
  "searchInteractionURIs" : [ ]
}, {
  "platform" : "",
  "searchTime" : "2025-09-23T12:22:05.979Z[UTC]",
  "searchQuery" : "joan baez en español",
  "searchInteractionURIs" : [ ]
}, {
  "platform" : "",
  "searchTime" : "2025-09-23T12:22:13.829Z[UTC]",
  "searchQuery" : "j",
  "searchInteractionURIs" : [ ]
}, {
  "platform" : "",
  "searchTime" : "2025-09-23T12:22:13.830Z[UTC]",
  "searchQuery" : "joan b",
  "searchInteractionURIs" : [ ]
}, {
  "platform" : "",
  "searchTime" : "2025-09-23T12:22:13.832Z[UTC]",
  "searchQuery" : "joan ba",
  "searchInteractionURIs" : [ ]
}, {
  "platform" : "",
  "searchTime" : "2025-09-23T12:22:13.850Z[UTC]",
  "searchQuery" : "joa",
  "searchInteractionURIs" : [ ]
}, {
  "platform" : "",
  "searchTime" : "2025-09-23T12:22:13.851Z[UTC]",
  "searchQuery" : "joan ",
  "searchInteractionURIs" : [ ]
}, {
  "platform" : "IPHONE_ARM64",
  "searchTime" : "2025-09-23T12:22:14.115Z[UTC]",
  "searchQuery" : "jo",
  "searchInteractionURIs" : [ ]
}, {
  "platform" : "IPHONE_ARM64",
  "searchTime" : "2025-09-23T12:22:14.151Z[UTC]",
  "searchQuery" : "joan",
  "searchInteractionURIs" : [ ]
}, {
  "platform" : "IPHONE",
  "searchTime" : "2025-09-23T12:22:24.346Z[UTC]",
  "searchQuery" : "joan baez",
  "searchInteractionURIs" : [ "spotify:artist:1EevBGfUh3RSQSGpluxgBm", "spotify:album:5WIWeBvI15frohPWZog6RY" ]
}, {
  "platform" : "",
  "searchTime" : "2025-09-23T12:29:28.328Z[UTC]",
  "searchQuery" : "joan baez",
  "searchInteractionURIs" : [ ]
}, {
  "platform" : "",
  "searchTime" : "2025-09-23T12:30:31.846Z[UTC]",
  "searchQuery" : "joan baez",
  "searchInteractionURIs" : [ ]
}, {
  "platform" : "IPHONE_ARM64",
  "searchTime" : "2025-09-23T12:30:32.166Z[UTC]",
  "searchQuery" : "joan baez",
  "searchInteractionURIs" : [ ]
}, {
  "platform" : "",
  "searchTime" : "2025-09-23T12:32:41.499Z[UTC]",
  "searchQuery" : "joan baez",
  "searchInteractionURIs" : [ ]
}, {
  "platform" : "",
  "searchTime" : "2025-09-23T12:32:41.542Z[UTC]",
  "searchQuery" : "joan baez brothers in arms",
  "searchInteractionURIs" : [ ]
}, {
  "platform" : "",
  "searchTime" : "2025-09-23T12:32:41.542Z[UTC]",
  "searchQuery" : "joan baez",
  "searchInteractionURIs" : [ ]
}, {
  "platform" : "",
  "searchTime" : "2025-09-23T12:32:41.542Z[UTC]",
  "searchQuery" : "joan baez en español",
  "searchInteractionURIs" : [ ]
}, {
  "platform" : "",
  "searchTime" : "2025-09-23T12:32:41.542Z[UTC]",
  "searchQuery" : "joan baez bob dylan",
  "searchInteractionURIs" : [ ]
}, {
  "platform" : "IPHONE_ARM64",
  "searchTime" : "2025-09-24T21:17:43.596Z[UTC]",
  "searchQuery" : "m",
  "searchInteractionURIs" : [ ]
}, {
  "platform" : "",
  "searchTime" : "2025-09-24T21:17:44.030Z[UTC]",
  "searchQuery" : "mardy",
  "searchInteractionURIs" : [ ]
}, {
  "platform" : "",
  "searchTime" : "2025-09-24T21:17:44.031Z[UTC]",
  "searchQuery" : "mar",
  "searchInteractionURIs" : [ ]
}, {
  "platform" : "IPHONE",
  "searchTime" : "2025-09-24T21:17:44.511Z[UTC]",
  "searchQuery" : "mard",
  "searchInteractionURIs" : [ ]
}, {
  "platform" : "IPHONE",
  "searchTime" : "2025-09-24T21:17:44.611Z[UTC]",
  "searchQuery" : "mardy",
  "searchInteractionURIs" : [ "spotify:track:2fyIS6GXMgUcSv4oejx63f" ]
}, {
  "platform" : "IPHONE",
  "searchTime" : "2025-09-25T01:35:54.389Z[UTC]",
  "searchQuery" : "mardy",
  "searchInteractionURIs" : [ ]
}, {
  "platform" : "",
  "searchTime" : "2025-09-25T01:35:56.302Z[UTC]",
  "searchQuery" : "mardy",
  "searchInteractionURIs" : [ ]
}, {
  "platform" : "",
  "searchTime" : "2025-09-25T04:07:31.303Z[UTC]",
  "searchQuery" : "la ",
  "searchInteractionURIs" : [ ]
}, {
  "platform" : "",
  "searchTime" : "2025-09-25T04:07:31.304Z[UTC]",
  "searchQuery" : "la",
  "searchInteractionURIs" : [ ]
}, {
  "platform" : "",
  "searchTime" : "2025-09-25T04:07:31.305Z[UTC]",
  "searchQuery" : "la v",
  "searchInteractionURIs" : [ ]
}, {
  "platform" : "",
  "searchTime" : "2025-09-25T04:07:31.312Z[UTC]",
  "searchQuery" : "la vero",
  "searchInteractionURIs" : [ ]
}, {
  "platform" : "",
  "searchTime" : "2025-09-25T04:07:31.385Z[UTC]",
  "searchQuery" : "la beriso",
  "searchInteractionURIs" : [ ]
}, {
  "platform" : "",
  "searchTime" : "2025-09-25T04:07:31.385Z[UTC]",
  "searchQuery" : "la verónica",
  "searchInteractionURIs" : [ ]
}, {
  "platform" : "",
  "searchTime" : "2025-09-25T04:07:31.387Z[UTC]",
  "searchQuery" : "la beriso los mejores temas",
  "searchInteractionURIs" : [ ]
}, {
  "platform" : "",
  "searchTime" : "2025-09-25T04:07:31.388Z[UTC]",
  "searchQuery" : "la vereda de la puerta de atrás",
  "searchInteractionURIs" : [ ]
}, {
  "platform" : "IPHONE_ARM64",
  "searchTime" : "2025-09-25T04:07:31.549Z[UTC]",
  "searchQuery" : "la ve",
  "searchInteractionURIs" : [ ]
}, {
  "platform" : "IPHONE",
  "searchTime" : "2025-09-25T04:07:32.851Z[UTC]",
  "searchQuery" : "la veronica",
  "searchInteractionURIs" : [ "spotify:track:2iO3jxWmi4r2Fb5Kh0z1xi" ]
}, {
  "platform" : "",
  "searchTime" : "2025-09-25T14:52:29.237Z[UTC]",
  "searchQuery" : "todo se transfro",
  "searchInteractionURIs" : [ ]
}, {
  "platform" : "",
  "searchTime" : "2025-09-25T14:52:29.752Z[UTC]",
  "searchQuery" : "todo se transfro",
  "searchInteractionURIs" : [ ]
}, {
  "platform" : "",
  "searchTime" : "2025-09-25T14:52:29.882Z[UTC]",
  "searchQuery" : "todo se transforma",
  "searchInteractionURIs" : [ ]
}, {
  "platform" : "",
  "searchTime" : "2025-09-25T14:52:30.244Z[UTC]",
  "searchQuery" : "todo se transforma",
  "searchInteractionURIs" : [ ]
}, {
  "platform" : "",
  "searchTime" : "2025-09-25T23:25:24.423Z[UTC]",
  "searchQuery" : "to",
  "searchInteractionURIs" : [ ]
}, {
  "platform" : "",
  "searchTime" : "2025-09-25T23:25:24.428Z[UTC]",
  "searchQuery" : "t",
  "searchInteractionURIs" : [ ]
}, {
  "platform" : "",
  "searchTime" : "2025-09-25T23:25:24.439Z[UTC]",
  "searchQuery" : "tos",
  "searchInteractionURIs" : [ ]
}, {
  "platform" : "",
  "searchTime" : "2025-09-25T23:25:24.837Z[UTC]",
  "searchQuery" : "toso ea g",
  "searchInteractionURIs" : [ ]
}, {
  "platform" : "IPHONE_ARM64",
  "searchTime" : "2025-09-25T23:25:24.909Z[UTC]",
  "searchQuery" : "toso e",
  "searchInteractionURIs" : [ ]
}, {
  "platform" : "IPHONE_ARM64",
  "searchTime" : "2025-09-25T23:25:24.925Z[UTC]",
  "searchQuery" : "toso ea",
  "searchInteractionURIs" : [ ]
}, {
  "platform" : "",
  "searchTime" : "2025-09-25T23:25:25.592Z[UTC]",
  "searchQuery" : "toso ea gak",
  "searchInteractionURIs" : [ ]
}, {
  "platform" : "IPHONE",
  "searchTime" : "2025-09-25T23:25:25.923Z[UTC]",
  "searchQuery" : "toso ea gake",
  "searchInteractionURIs" : [ "spotify:episode:5dhGFZ481IRjjadjFhfaGi" ]
}, {
  "platform" : "",
  "searchTime" : "2025-09-26T19:37:09.399Z[UTC]",
  "searchQuery" : "tod",
  "searchInteractionURIs" : [ ]
}, {
  "platform" : "",
  "searchTime" : "2025-09-26T19:37:09.636Z[UTC]",
  "searchQuery" : "todo ",
  "searchInteractionURIs" : [ ]
}, {
  "platform" : "IPHONE",
  "searchTime" : "2025-09-26T19:37:13.297Z[UTC]",
  "searchQuery" : "todo es fake",
  "searchInteractionURIs" : [ "spotify:search:todo+es+fake" ]
}, {
  "platform" : "IPHONE",
  "searchTime" : "2025-09-26T19:38:07.707Z[UTC]",
  "searchQuery" : "todo es fake",
  "searchInteractionURIs" : [ "spotify:playlist:2kS4wvZRpA7JaWXhOMk1bJ" ]
}, {
  "platform" : "",
  "searchTime" : "2025-09-28T17:13:29.512Z[UTC]",
  "searchQuery" : "todo es fake",
  "searchInteractionURIs" : [ ]
}, {
  "platform" : "IPHONE",
  "searchTime" : "2025-09-28T18:59:34.193Z[UTC]",
  "searchQuery" : "cryptobro",
  "searchInteractionURIs" : [ "spotify:episode:1RUiCbDipmNRMSGCa4cubA" ]
}, {
  "platform" : "",
  "searchTime" : "2025-09-30T19:00:44.688Z[UTC]",
  "searchQuery" : "suprheroes",
  "searchInteractionURIs" : [ ]
}, {
  "platform" : "",
  "searchTime" : "2025-09-30T19:00:45.107Z[UTC]",
  "searchQuery" : "suprheroes",
  "searchInteractionURIs" : [ ]
}, {
  "platform" : "",
  "searchTime" : "2025-09-30T19:00:45.140Z[UTC]",
  "searchQuery" : "superheroes",
  "searchInteractionURIs" : [ ]
}, {
  "platform" : "",
  "searchTime" : "2025-09-30T19:00:45.409Z[UTC]",
  "searchQuery" : "superheroes",
  "searchInteractionURIs" : [ ]
}, {
  "platform" : "",
  "searchTime" : "2025-09-30T19:11:45.198Z[UTC]",
  "searchQuery" : "i",
  "searchInteractionURIs" : [ ]
}, {
  "platform" : "",
  "searchTime" : "2025-09-30T19:11:45.483Z[UTC]",
  "searchQuery" : "i",
  "searchInteractionURIs" : [ ]
}, {
  "platform" : "",
  "searchTime" : "2025-09-30T19:11:45.867Z[UTC]",
  "searchQuery" : "im a ",
  "searchInteractionURIs" : [ ]
}, {
  "platform" : "",
  "searchTime" : "2025-09-30T19:11:46.149Z[UTC]",
  "searchQuery" : "im a ",
  "searchInteractionURIs" : [ ]
}, {
  "platform" : "",
  "searchTime" : "2025-09-30T19:11:47.580Z[UTC]",
  "searchQuery" : "im a punk ro",
  "searchInteractionURIs" : [ ]
}, {
  "platform" : "",
  "searchTime" : "2025-09-30T19:11:47.982Z[UTC]",
  "searchQuery" : "im a punk ro",
  "searchInteractionURIs" : [ ]
}, {
  "platform" : "",
  "searchTime" : "2025-09-30T19:30:31.766Z[UTC]",
  "searchQuery" : "superheroes",
  "searchInteractionURIs" : [ ]
}, {
  "platform" : "",
  "searchTime" : "2025-09-30T19:30:32.049Z[UTC]",
  "searchQuery" : "superheroes",
  "searchInteractionURIs" : [ ]
}, {
  "platform" : "",
  "searchTime" : "2025-09-30T19:30:40.137Z[UTC]",
  "searchQuery" : "im a punke",
  "searchInteractionURIs" : [ ]
}, {
  "platform" : "",
  "searchTime" : "2025-09-30T19:30:40.512Z[UTC]",
  "searchQuery" : "im a punke",
  "searchInteractionURIs" : [ ]
}, {
  "platform" : "",
  "searchTime" : "2025-09-30T19:30:41.158Z[UTC]",
  "searchQuery" : "im a punkrocker ",
  "searchInteractionURIs" : [ ]
}, {
  "platform" : "",
  "searchTime" : "2025-09-30T19:30:41.481Z[UTC]",
  "searchQuery" : "im a punkrocker ",
  "searchInteractionURIs" : [ ]
}, {
  "platform" : "",
  "searchTime" : "2025-09-30T19:30:41.755Z[UTC]",
  "searchQuery" : "im a punkrocker yes",
  "searchInteractionURIs" : [ ]
}, {
  "platform" : "",
  "searchTime" : "2025-09-30T19:30:42.101Z[UTC]",
  "searchQuery" : "im a punkrocker yes",
  "searchInteractionURIs" : [ ]
}, {
  "platform" : "",
  "searchTime" : "2025-09-30T19:31:01.655Z[UTC]",
  "searchQuery" : "spiderverse",
  "searchInteractionURIs" : [ ]
}, {
  "platform" : "",
  "searchTime" : "2025-09-30T19:31:02.076Z[UTC]",
  "searchQuery" : "spiderverse",
  "searchInteractionURIs" : [ ]
}, {
  "platform" : "",
  "searchTime" : "2025-09-30T19:50:01.541Z[UTC]",
  "searchQuery" : "brito",
  "searchInteractionURIs" : [ ]
}, {
  "platform" : "",
  "searchTime" : "2025-09-30T19:50:01.853Z[UTC]",
  "searchQuery" : "brito",
  "searchInteractionURIs" : [ ]
}, {
  "platform" : "",
  "searchTime" : "2025-09-30T19:50:02.320Z[UTC]",
  "searchQuery" : "britpocp",
  "searchInteractionURIs" : [ ]
}, {
  "platform" : "LINUX_X86_64",
  "searchTime" : "2025-09-30T19:50:02.919Z[UTC]",
  "searchQuery" : "britpocp",
  "searchInteractionURIs" : [ ]
}, {
  "platform" : "",
  "searchTime" : "2025-09-30T19:50:02.943Z[UTC]",
  "searchQuery" : "britpo",
  "searchInteractionURIs" : [ ]
}, {
  "platform" : "",
  "searchTime" : "2025-09-30T19:50:03.248Z[UTC]",
  "searchQuery" : "britpop",
  "searchInteractionURIs" : [ ]
}, {
  "platform" : "",
  "searchTime" : "2025-09-30T19:50:03.406Z[UTC]",
  "searchQuery" : "britpo",
  "searchInteractionURIs" : [ ]
}, {
  "platform" : "",
  "searchTime" : "2025-09-30T19:50:03.602Z[UTC]",
  "searchQuery" : "britpop",
  "searchInteractionURIs" : [ ]
}, {
  "platform" : "IPHONE_ARM64",
  "searchTime" : "2025-10-03T03:41:46.556Z[UTC]",
  "searchQuery" : "la ",
  "searchInteractionURIs" : [ ]
}, {
  "platform" : "IPHONE",
  "searchTime" : "2025-10-03T03:41:47.664Z[UTC]",
  "searchQuery" : "la veoa",
  "searchInteractionURIs" : [ "spotify:artist:6nVcjUJemqpJjc1WevwTvL" ]
}, {
  "platform" : "IPHONE",
  "searchTime" : "2025-10-03T12:10:14.459Z[UTC]",
  "searchQuery" : "ta",
  "searchInteractionURIs" : [ "spotify:search:taylor+swift" ]
}, {
  "platform" : "IPHONE",
  "searchTime" : "2025-10-03T12:10:19.159Z[UTC]",
  "searchQuery" : "taylor swift",
  "searchInteractionURIs" : [ "spotify:artist:06HL4z0CvFAxyc27GXpf02" ]
}, {
  "platform" : "",
  "searchTime" : "2025-10-04T16:40:29.154Z[UTC]",
  "searchQuery" : "bur",
  "searchInteractionURIs" : [ ]
}, {
  "platform" : "IPHONE",
  "searchTime" : "2025-10-04T16:40:29.958Z[UTC]",
  "searchQuery" : "burn ",
  "searchInteractionURIs" : [ "spotify:track:4B3qvzOMzLQXLeYgPsG3KA", "spotify:album:1kCHru7uhxBUdzkm4gzRQc" ]
}, {
  "platform" : "",
  "searchTime" : "2025-10-04T19:46:23.281Z[UTC]",
  "searchQuery" : "fi",
  "searchInteractionURIs" : [ ]
}, {
  "platform" : "IPHONE",
  "searchTime" : "2025-10-04T19:46:23.822Z[UTC]",
  "searchQuery" : "fito",
  "searchInteractionURIs" : [ "spotify:artist:1bZNv4q3OxYq7mmnLha7Tu" ]
}, {
  "platform" : "IPHONE",
  "searchTime" : "2025-10-06T20:00:21.095Z[UTC]",
  "searchQuery" : "virus",
  "searchInteractionURIs" : [ "spotify:playlist:37i9dQZF1DZ06evO0kRQk6" ]
}, {
  "platform" : "",
  "searchTime" : "2025-10-07T11:46:07.646Z[UTC]",
  "searchQuery" : "su",
  "searchInteractionURIs" : [ ]
}, {
  "platform" : "IPHONE_ARM64",
  "searchTime" : "2025-10-07T11:46:08.582Z[UTC]",
  "searchQuery" : "sui ge",
  "searchInteractionURIs" : [ ]
}, {
  "platform" : "IPHONE",
  "searchTime" : "2025-10-07T11:46:08.831Z[UTC]",
  "searchQuery" : "sui gen",
  "searchInteractionURIs" : [ "spotify:album:0EdYPXNaKi8QOBwq1C13jM" ]
}, {
  "platform" : "IPHONE_ARM64",
  "searchTime" : "2025-10-07T12:11:42.978Z[UTC]",
  "searchQuery" : "sui gen",
  "searchInteractionURIs" : [ ]
}, {
  "platform" : "",
  "searchTime" : "2025-10-07T12:13:15.559Z[UTC]",
  "searchQuery" : "sui gen",
  "searchInteractionURIs" : [ ]
}, {
  "platform" : "",
  "searchTime" : "2025-10-07T12:13:15.575Z[UTC]",
  "searchQuery" : "sui gen",
  "searchInteractionURIs" : [ ]
}, {
  "platform" : "",
  "searchTime" : "2025-10-07T12:14:00.223Z[UTC]",
  "searchQuery" : "sui gen",
  "searchInteractionURIs" : [ ]
}, {
  "platform" : "",
  "searchTime" : "2025-10-07T12:14:00.227Z[UTC]",
  "searchQuery" : "sui gen",
  "searchInteractionURIs" : [ ]
}, {
  "platform" : "",
  "searchTime" : "2025-10-07T17:42:36.065Z[UTC]",
  "searchQuery" : "jonas ",
  "searchInteractionURIs" : [ ]
}, {
  "platform" : "",
  "searchTime" : "2025-10-07T17:42:36.276Z[UTC]",
  "searchQuery" : "jonas b",
  "searchInteractionURIs" : [ ]
}, {
  "platform" : "",
  "searchTime" : "2025-10-07T17:42:36.467Z[UTC]",
  "searchQuery" : "jonas ",
  "searchInteractionURIs" : [ ]
}, {
  "platform" : "",
  "searchTime" : "2025-10-07T17:42:36.636Z[UTC]",
  "searchQuery" : "jonas b",
  "searchInteractionURIs" : [ ]
}, {
  "platform" : "",
  "searchTime" : "2025-10-07T17:42:37.039Z[UTC]",
  "searchQuery" : "jonas bro",
  "searchInteractionURIs" : [ ]
}, {
  "platform" : "",
  "searchTime" : "2025-10-07T17:42:37.381Z[UTC]",
  "searchQuery" : "jonas bro",
  "searchInteractionURIs" : [ ]
}, {
  "platform" : "",
  "searchTime" : "2025-10-07T18:11:26.866Z[UTC]",
  "searchQuery" : "lali",
  "searchInteractionURIs" : [ ]
}, {
  "platform" : "",
  "searchTime" : "2025-10-07T18:11:27.254Z[UTC]",
  "searchQuery" : "lali",
  "searchInteractionURIs" : [ ]
}, {
  "platform" : "",
  "searchTime" : "2025-10-08T02:15:22.328Z[UTC]",
  "searchQuery" : "di",
  "searchInteractionURIs" : [ ]
}, {
  "platform" : "IPHONE",
  "searchTime" : "2025-10-08T02:15:23.157Z[UTC]",
  "searchQuery" : "dillon",
  "searchInteractionURIs" : [ "spotify:artist:4cJD9t5QBFTUQcd3xfbOb2" ]
}, {
  "platform" : "IPHONE",
  "searchTime" : "2025-10-10T00:39:35.770Z[UTC]",
  "searchQuery" : "dillom",
  "searchInteractionURIs" : [ "spotify:album:633jS6fM44Zbr1gyI0eF19", "spotify:album:633jS6fM44Zbr1gyI0eF19" ]
}, {
  "platform" : "IPHONE",
  "searchTime" : "2025-10-12T14:31:51.137Z[UTC]",
  "searchQuery" : "psycos",
  "searchInteractionURIs" : [ ]
}, {
  "platform" : "IPHONE",
  "searchTime" : "2025-10-12T14:32:23.316Z[UTC]",
  "searchQuery" : "saicos",
  "searchInteractionURIs" : [ "spotify:artist:4HYB35YLMCRIzQobpWs5yv" ]
}, {
  "platform" : "",
  "searchTime" : "2025-10-12T19:04:12.185Z[UTC]",
  "searchQuery" : "ca",
  "searchInteractionURIs" : [ ]
}, {
  "platform" : "IPHONE_ARM64",
  "searchTime" : "2025-10-12T19:04:12.881Z[UTC]",
  "searchQuery" : "cabcio",
  "searchInteractionURIs" : [ ]
}, {
  "platform" : "",
  "searchTime" : "2025-10-12T19:04:13.045Z[UTC]",
  "searchQuery" : "cabciones ",
  "searchInteractionURIs" : [ ]
}, {
  "platform" : "",
  "searchTime" : "2025-10-12T19:04:13.071Z[UTC]",
  "searchQuery" : "cabciones o",
  "searchInteractionURIs" : [ ]
}, {
  "platform" : "",
  "searchTime" : "2025-10-12T19:04:13.567Z[UTC]",
  "searchQuery" : "cabciones oara ",
  "searchInteractionURIs" : [ ]
}, {
  "platform" : "",
  "searchTime" : "2025-10-12T19:04:13.926Z[UTC]",
  "searchQuery" : "cabciones oara gra",
  "searchInteractionURIs" : [ ]
}, {
  "platform" : "IPHONE",
  "searchTime" : "2025-10-12T19:04:14.530Z[UTC]",
  "searchQuery" : "cabciones oara gran",
  "searchInteractionURIs" : [ "spotify:album:0w2rkPtEO6zq18nrkJkzZb" ]
}, {
  "platform" : "",
  "searchTime" : "2025-10-12T19:08:56.179Z[UTC]",
  "searchQuery" : "cabciones oara gran",
  "searchInteractionURIs" : [ ]
}, {
  "platform" : "",
  "searchTime" : "2025-10-15T17:44:23.401Z[UTC]",
  "searchQuery" : "three day",
  "searchInteractionURIs" : [ ]
}, {
  "platform" : "BROWSER",
  "searchTime" : "2025-10-15T17:44:24.182Z[UTC]",
  "searchQuery" : "three day",
  "searchInteractionURIs" : [ ]
}, {
  "platform" : "",
  "searchTime" : "2025-10-16T00:29:00.439Z[UTC]",
  "searchQuery" : "pe",
  "searchInteractionURIs" : [ ]
}, {
  "platform" : "",
  "searchTime" : "2025-10-16T00:29:00.439Z[UTC]",
  "searchQuery" : "pers",
  "searchInteractionURIs" : [ ]
}, {
  "platform" : "",
  "searchTime" : "2025-10-16T00:29:00.447Z[UTC]",
  "searchQuery" : "p",
  "searchInteractionURIs" : [ ]
}, {
  "platform" : "",
  "searchTime" : "2025-10-16T00:29:00.448Z[UTC]",
  "searchQuery" : "persec",
  "searchInteractionURIs" : [ ]
}, {
  "platform" : "",
  "searchTime" : "2025-10-16T00:29:00.878Z[UTC]",
  "searchQuery" : "persecut",
  "searchInteractionURIs" : [ ]
}, {
  "platform" : "IPHONE",
  "searchTime" : "2025-10-16T00:29:01.750Z[UTC]",
  "searchQuery" : "persecuta",
  "searchInteractionURIs" : [ "spotify:track:5xMhmZpCU25I4pSKC15lTr" ]
}, {
  "platform" : "",
  "searchTime" : "2025-10-16T17:38:30.442Z[UTC]",
  "searchQuery" : "el amor ",
  "searchInteractionURIs" : [ ]
}, {
  "platform" : "",
  "searchTime" : "2025-10-16T17:38:30.550Z[UTC]",
  "searchQuery" : "el amor de",
  "searchInteractionURIs" : [ ]
}, {
  "platform" : "",
  "searchTime" : "2025-10-16T17:38:30.928Z[UTC]",
  "searchQuery" : "el amor de",
  "searchInteractionURIs" : [ ]
}, {
  "platform" : "",
  "searchTime" : "2025-10-16T17:38:30.943Z[UTC]",
  "searchQuery" : "el amor despues",
  "searchInteractionURIs" : [ ]
}, {
  "platform" : "LINUX_X86_64",
  "searchTime" : "2025-10-16T17:38:31.098Z[UTC]",
  "searchQuery" : "el amor ",
  "searchInteractionURIs" : [ ]
}, {
  "platform" : "",
  "searchTime" : "2025-10-16T17:38:31.378Z[UTC]",
  "searchQuery" : "el amor despues",
  "searchInteractionURIs" : [ ]
}, {
  "platform" : "",
  "searchTime" : "2025-10-17T13:35:19.294Z[UTC]",
  "searchQuery" : "ind",
  "searchInteractionURIs" : [ ]
}, {
  "platform" : "",
  "searchTime" : "2025-10-17T13:35:19.296Z[UTC]",
  "searchQuery" : "indi",
  "searchInteractionURIs" : [ ]
}, {
  "platform" : "",
  "searchTime" : "2025-10-17T13:35:19.308Z[UTC]",
  "searchQuery" : "persecuta",
  "searchInteractionURIs" : [ ]
}, {
  "platform" : "",
  "searchTime" : "2025-10-17T13:35:19.352Z[UTC]",
  "searchQuery" : "persecuta",
  "searchInteractionURIs" : [ ]
}, {
  "platform" : "",
  "searchTime" : "2025-10-17T13:35:19.375Z[UTC]",
  "searchQuery" : "i",
  "searchInteractionURIs" : [ ]
}, {
  "platform" : "IPHONE_ARM64",
  "searchTime" : "2025-10-17T13:35:19.694Z[UTC]",
  "searchQuery" : "in",
  "searchInteractionURIs" : [ ]
}, {
  "platform" : "IPHONE",
  "searchTime" : "2025-10-17T13:35:20.042Z[UTC]",
  "searchQuery" : "indios",
  "searchInteractionURIs" : [ "spotify:playlist:37i9dQZF1DZ06evO2quMNT" ]
}, {
  "platform" : "IPHONE",
  "searchTime" : "2025-10-18T00:09:38.551Z[UTC]",
  "searchQuery" : "sumo",
  "searchInteractionURIs" : [ "spotify:artist:10AzTrYMPVVmpKoBP5bX9W" ]
}, {
  "platform" : "",
  "searchTime" : "2025-10-18T04:02:50.799Z[UTC]",
  "searchQuery" : "de",
  "searchInteractionURIs" : [ ]
}, {
  "platform" : "",
  "searchTime" : "2025-10-18T04:02:50.808Z[UTC]",
  "searchQuery" : "de ",
  "searchInteractionURIs" : [ ]
}, {
  "platform" : "",
  "searchTime" : "2025-10-18T04:02:51.604Z[UTC]",
  "searchQuery" : "de eso ",
  "searchInteractionURIs" : [ ]
}, {
  "platform" : "",
  "searchTime" : "2025-10-18T04:02:51.607Z[UTC]",
  "searchQuery" : "de eso",
  "searchInteractionURIs" : [ ]
}, {
  "platform" : "",
  "searchTime" : "2025-10-18T04:02:51.615Z[UTC]",
  "searchQuery" : "de eso n",
  "searchInteractionURIs" : [ ]
}, {
  "platform" : "",
  "searchTime" : "2025-10-18T04:02:52.017Z[UTC]",
  "searchQuery" : "de eso no se",
  "searchInteractionURIs" : [ ]
}, {
  "platform" : "",
  "searchTime" : "2025-10-18T04:02:52.019Z[UTC]",
  "searchQuery" : "de eso no s",
  "searchInteractionURIs" : [ ]
}, {
  "platform" : "",
  "searchTime" : "2025-10-18T04:02:52.190Z[UTC]",
  "searchQuery" : "de eso no se c",
  "searchInteractionURIs" : [ ]
}, {
  "platform" : "",
  "searchTime" : "2025-10-18T04:02:52.731Z[UTC]",
  "searchQuery" : "de eso no se can",
  "searchInteractionURIs" : [ ]
}, {
  "platform" : "",
  "searchTime" : "2025-10-18T04:02:52.811Z[UTC]",
  "searchQuery" : "de eso no se cant ",
  "searchInteractionURIs" : [ ]
}, {
  "platform" : "",
  "searchTime" : "2025-10-18T04:02:54.550Z[UTC]",
  "searchQuery" : "de eso no se canta ",
  "searchInteractionURIs" : [ ]
}, {
  "platform" : "",
  "searchTime" : "2025-10-18T16:37:53.752Z[UTC]",
  "searchQuery" : "ca",
  "searchInteractionURIs" : [ ]
}, {
  "platform" : "IPHONE",
  "searchTime" : "2025-10-18T16:37:55.377Z[UTC]",
  "searchQuery" : "cantora",
  "searchInteractionURIs" : [ "spotify:playlist:3L6AA9rdig7AMFTmzRZu3o" ]
}, {
  "platform" : "",
  "searchTime" : "2025-10-18T22:36:40.489Z[UTC]",
  "searchQuery" : "oku",
  "searchInteractionURIs" : [ ]
}, {
  "platform" : "IPHONE_ARM64",
  "searchTime" : "2025-10-18T22:36:40.760Z[UTC]",
  "searchQuery" : "okup",
  "searchInteractionURIs" : [ ]
}, {
  "platform" : "IPHONE",
  "searchTime" : "2025-10-18T22:36:44.505Z[UTC]",
  "searchQuery" : "okupas tema",
  "searchInteractionURIs" : [ "spotify:playlist:5cMhccD7LQrQySh1uNCulF" ]
}, {
  "platform" : "",
  "searchTime" : "2025-10-19T00:38:18.963Z[UTC]",
  "searchQuery" : "afric",
  "searchInteractionURIs" : [ ]
}, {
  "platform" : "",
  "searchTime" : "2025-10-19T00:38:18.966Z[UTC]",
  "searchQuery" : "a",
  "searchInteractionURIs" : [ ]
}, {
  "platform" : "",
  "searchTime" : "2025-10-19T00:38:18.972Z[UTC]",
  "searchQuery" : "afri",
  "searchInteractionURIs" : [ ]
}, {
  "platform" : "IPHONE_ARM64",
  "searchTime" : "2025-10-19T00:38:19.260Z[UTC]",
  "searchQuery" : "afr",
  "searchInteractionURIs" : [ ]
}, {
  "platform" : "",
  "searchTime" : "2025-10-19T00:38:19.826Z[UTC]",
  "searchQuery" : "africa t",
  "searchInteractionURIs" : [ ]
}, {
  "platform" : "",
  "searchTime" : "2025-10-19T00:38:19.888Z[UTC]",
  "searchQuery" : "africa ",
  "searchInteractionURIs" : [ ]
}, {
  "platform" : "IPHONE",
  "searchTime" : "2025-10-19T00:38:20.645Z[UTC]",
  "searchQuery" : "africa tot",
  "searchInteractionURIs" : [ "spotify:track:2374M0fQpWi3dLnB54qaLX" ]
}, {
  "platform" : "IPHONE",
  "searchTime" : "2025-10-20T14:37:18.872Z[UTC]",
  "searchQuery" : "dillom",
  "searchInteractionURIs" : [ "spotify:artist:4cJD9t5QBFTUQcd3xfbOb2" ]
}, {
  "platform" : "",
  "searchTime" : "2025-10-22T20:06:29.331Z[UTC]",
  "searchQuery" : "r",
  "searchInteractionURIs" : [ ]
}, {
  "platform" : "IPHONE",
  "searchTime" : "2025-10-22T20:06:31.715Z[UTC]",
  "searchQuery" : "ruido de magia",
  "searchInteractionURIs" : [ "spotify:search:ruido+de+agua", "spotify:album:08WhOkH7KtcbYzyxfMuV2R" ]
}, {
  "platform" : "IPHONE",
  "searchTime" : "2025-10-22T20:07:08.857Z[UTC]",
  "searchQuery" : "soine",
  "searchInteractionURIs" : [ "spotify:artist:1MuQ2m2tg7naeRGAOxYZer" ]
}, {
  "platform" : "",
  "searchTime" : "2025-10-22T20:27:04.053Z[UTC]",
  "searchQuery" : "soine",
  "searchInteractionURIs" : [ ]
}, {
  "platform" : "",
  "searchTime" : "2025-10-23T17:45:55.329Z[UTC]",
  "searchQuery" : "os lunes que eud",
  "searchInteractionURIs" : [ ]
}, {
  "platform" : "",
  "searchTime" : "2025-10-23T17:45:55.953Z[UTC]",
  "searchQuery" : "os lunes que eud",
  "searchInteractionURIs" : [ ]
}, {
  "platform" : "",
  "searchTime" : "2025-10-23T17:45:56.158Z[UTC]",
  "searchQuery" : "os lunes que equed",
  "searchInteractionURIs" : [ ]
}, {
  "platform" : "",
  "searchTime" : "2025-10-23T17:45:56.760Z[UTC]",
  "searchQuery" : "os lunes que equed",
  "searchInteractionURIs" : [ ]
}, {
  "platform" : "",
  "searchTime" : "2025-10-23T17:45:57.184Z[UTC]",
  "searchQuery" : "os lunes que ",
  "searchInteractionURIs" : [ ]
}, {
  "platform" : "LINUX_X86_64",
  "searchTime" : "2025-10-23T17:45:57.218Z[UTC]",
  "searchQuery" : "os lunes que eque",
  "searchInteractionURIs" : [ ]
}, {
  "platform" : "",
  "searchTime" : "2025-10-23T17:45:57.270Z[UTC]",
  "searchQuery" : "os lunes que eque",
  "searchInteractionURIs" : [ ]
}, {
  "platform" : "",
  "searchTime" : "2025-10-23T17:45:57.863Z[UTC]",
  "searchQuery" : "os lunes que ",
  "searchInteractionURIs" : [ ]
}, {
  "platform" : "",
  "searchTime" : "2025-10-23T17:45:58.163Z[UTC]",
  "searchQuery" : "os lunes que qquedan",
  "searchInteractionURIs" : [ ]
}, {
  "platform" : "",
  "searchTime" : "2025-10-23T17:45:58.767Z[UTC]",
  "searchQuery" : "os lunes que qquedan",
  "searchInteractionURIs" : [ ]
}, {
  "platform" : "",
  "searchTime" : "2025-10-23T17:45:59.979Z[UTC]",
  "searchQuery" : "os lunes que quedan",
  "searchInteractionURIs" : [ ]
}, {
  "platform" : "",
  "searchTime" : "2025-10-23T17:46:00.610Z[UTC]",
  "searchQuery" : "os lunes que quedan",
  "searchInteractionURIs" : [ ]
}, {
  "platform" : "",
  "searchTime" : "2025-10-24T04:08:58.463Z[UTC]",
  "searchQuery" : "cin",
  "searchInteractionURIs" : [ ]
}, {
  "platform" : "",
  "searchTime" : "2025-10-24T04:08:58.470Z[UTC]",
  "searchQuery" : "cine",
  "searchInteractionURIs" : [ ]
}, {
  "platform" : "IPHONE",
  "searchTime" : "2025-10-24T04:08:59.699Z[UTC]",
  "searchQuery" : "cinema",
  "searchInteractionURIs" : [ "spotify:track:6Pc5YpUReYYToXJ23TmkLS" ]
}, {
  "platform" : "",
  "searchTime" : "2025-10-24T23:48:26.188Z[UTC]",
  "searchQuery" : "r",
  "searchInteractionURIs" : [ ]
}, {
  "platform" : "IPHONE",
  "searchTime" : "2025-10-24T23:48:28.112Z[UTC]",
  "searchQuery" : "relax",
  "searchInteractionURIs" : [ "spotify:album:3JpFR1SeMvppqhUiXSsvT3" ]
}, {
  "platform" : "",
  "searchTime" : "2025-10-25T01:25:04.523Z[UTC]",
  "searchQuery" : "mi",
  "searchInteractionURIs" : [ ]
}, {
  "platform" : "",
  "searchTime" : "2025-10-25T01:25:04.533Z[UTC]",
  "searchQuery" : "m",
  "searchInteractionURIs" : [ ]
}, {
  "platform" : "IPHONE",
  "searchTime" : "2025-10-25T01:25:05.689Z[UTC]",
  "searchQuery" : "miami",
  "searchInteractionURIs" : [ "spotify:album:5ZfZ0PWqGTRHmOxkIkQaLE" ]
}, {
  "platform" : "IPHONE",
  "searchTime" : "2025-10-25T17:12:27.737Z[UTC]",
  "searchQuery" : "cinema",
  "searchInteractionURIs" : [ ]
}, {
  "platform" : "",
  "searchTime" : "2025-10-25T17:12:33.147Z[UTC]",
  "searchQuery" : "to",
  "searchInteractionURIs" : [ ]
}, {
  "platform" : "",
  "searchTime" : "2025-10-25T17:12:33.150Z[UTC]",
  "searchQuery" : "t",
  "searchInteractionURIs" : [ ]
}, {
  "platform" : "",
  "searchTime" : "2025-10-25T17:12:35.365Z[UTC]",
  "searchQuery" : "todo es fak",
  "searchInteractionURIs" : [ ]
}, {
  "platform" : "",
  "searchTime" : "2025-10-25T17:12:35.371Z[UTC]",
  "searchQuery" : "todo es fake",
  "searchInteractionURIs" : [ ]
}, {
  "platform" : "IPHONE",
  "searchTime" : "2025-10-25T17:12:35.947Z[UTC]",
  "searchQuery" : "todo es fake ",
  "searchInteractionURIs" : [ "spotify:show:4UCX1msHJCDbd7xuDPT8Re" ]
}, {
  "platform" : "",
  "searchTime" : "2025-10-26T03:12:45.681Z[UTC]",
  "searchQuery" : "ae",
  "searchInteractionURIs" : [ ]
}, {
  "platform" : "IPHONE",
  "searchTime" : "2025-10-26T03:12:48.353Z[UTC]",
  "searchQuery" : "aerosmith ",
  "searchInteractionURIs" : [ "spotify:artist:7Ey4PD4MYsKc5I2dolUwbH", "spotify:artist:7Ey4PD4MYsKc5I2dolUwbH", "spotify:playlist:37i9dQZF1DZ06evO4x3X2w", "spotify:playlist:37i9dQZF1DZ06evO4x3X2w", "spotify:album:2uT123xlHuqvz14JR0KQSs", "spotify:album:2uT123xlHuqvz14JR0KQSs" ]
}, {
  "platform" : "",
  "searchTime" : "2025-10-26T22:11:57.025Z[UTC]",
  "searchQuery" : "su",
  "searchInteractionURIs" : [ ]
}, {
  "platform" : "",
  "searchTime" : "2025-10-26T22:11:57.045Z[UTC]",
  "searchQuery" : "suf",
  "searchInteractionURIs" : [ ]
}, {
  "platform" : "",
  "searchTime" : "2025-10-26T22:11:57.082Z[UTC]",
  "searchQuery" : "sufja",
  "searchInteractionURIs" : [ ]
}, {
  "platform" : "IPHONE",
  "searchTime" : "2025-10-26T22:11:58.987Z[UTC]",
  "searchQuery" : "sufjan",
  "searchInteractionURIs" : [ "spotify:playlist:37i9dQZF1DZ06evO2Od4Lm" ]
}, {
  "platform" : "",
  "searchTime" : "2025-10-27T13:48:12.334Z[UTC]",
  "searchQuery" : "mucha",
  "searchInteractionURIs" : [ ]
}, {
  "platform" : "",
  "searchTime" : "2025-10-27T13:48:12.644Z[UTC]",
  "searchQuery" : "muchacha",
  "searchInteractionURIs" : [ ]
}, {
  "platform" : "",
  "searchTime" : "2025-10-27T13:48:12.757Z[UTC]",
  "searchQuery" : "mucha",
  "searchInteractionURIs" : [ ]
}, {
  "platform" : "",
  "searchTime" : "2025-10-27T13:48:13.029Z[UTC]",
  "searchQuery" : "muchacha",
  "searchInteractionURIs" : [ ]
}, {
  "platform" : "",
  "searchTime" : "2025-10-27T13:53:52.441Z[UTC]",
  "searchQuery" : "s",
  "searchInteractionURIs" : [ ]
}, {
  "platform" : "",
  "searchTime" : "2025-10-27T13:53:52.787Z[UTC]",
  "searchQuery" : "s",
  "searchInteractionURIs" : [ ]
}, {
  "platform" : "",
  "searchTime" : "2025-10-27T13:53:52.902Z[UTC]",
  "searchQuery" : "sui",
  "searchInteractionURIs" : [ ]
}, {
  "platform" : "LINUX_X86_64",
  "searchTime" : "2025-10-27T13:53:53.279Z[UTC]",
  "searchQuery" : "sui",
  "searchInteractionURIs" : [ ]
}, {
  "platform" : "",
  "searchTime" : "2025-10-27T13:53:54.692Z[UTC]",
  "searchQuery" : "sui generis",
  "searchInteractionURIs" : [ ]
}, {
  "platform" : "",
  "searchTime" : "2025-10-27T13:53:55.027Z[UTC]",
  "searchQuery" : "sui generis",
  "searchInteractionURIs" : [ ]
}, {
  "platform" : "",
  "searchTime" : "2025-10-27T13:54:54.024Z[UTC]",
  "searchQuery" : "seru",
  "searchInteractionURIs" : [ ]
}, {
  "platform" : "",
  "searchTime" : "2025-10-27T13:54:54.294Z[UTC]",
  "searchQuery" : "seru",
  "searchInteractionURIs" : [ ]
}, {
  "platform" : "",
  "searchTime" : "2025-11-01T22:45:20.546Z[UTC]",
  "searchQuery" : "l",
  "searchInteractionURIs" : [ ]
}, {
  "platform" : "",
  "searchTime" : "2025-11-01T22:45:20.610Z[UTC]",
  "searchQuery" : "la",
  "searchInteractionURIs" : [ ]
}, {
  "platform" : "IPHONE",
  "searchTime" : "2025-11-01T22:45:21.720Z[UTC]",
  "searchQuery" : "la vela",
  "searchInteractionURIs" : [ "spotify:artist:6nVcjUJemqpJjc1WevwTvL" ]
}, {
  "platform" : "",
  "searchTime" : "2025-11-04T13:58:02.529Z[UTC]",
  "searchQuery" : "ms robinson",
  "searchInteractionURIs" : [ ]
}, {
  "platform" : "",
  "searchTime" : "2025-11-04T13:58:02.926Z[UTC]",
  "searchQuery" : "ms robinson",
  "searchInteractionURIs" : [ ]
}, {
  "platform" : "LINUX_X86_64",
  "searchTime" : "2025-11-04T17:17:20.702Z[UTC]",
  "searchQuery" : "and when ",
  "searchInteractionURIs" : [ ]
}, {
  "platform" : "LINUX_X86_64",
  "searchTime" : "2025-11-04T17:17:20.950Z[UTC]",
  "searchQuery" : "and when ",
  "searchInteractionURIs" : [ ]
}, {
  "platform" : "",
  "searchTime" : "2025-11-04T17:17:20.971Z[UTC]",
  "searchQuery" : "and when im ",
  "searchInteractionURIs" : [ ]
}, {
  "platform" : "",
  "searchTime" : "2025-11-04T17:17:21.286Z[UTC]",
  "searchQuery" : "and when im ",
  "searchInteractionURIs" : [ ]
}, {
  "platform" : "LINUX_X86_64",
  "searchTime" : "2025-11-04T17:17:21.800Z[UTC]",
  "searchQuery" : "and when im c",
  "searchInteractionURIs" : [ ]
}, {
  "platform" : "",
  "searchTime" : "2025-11-04T17:17:21.851Z[UTC]",
  "searchQuery" : "and when im c",
  "searchInteractionURIs" : [ ]
}, {
  "platform" : "",
  "searchTime" : "2025-11-04T17:17:21.928Z[UTC]",
  "searchQuery" : "and when im ca",
  "searchInteractionURIs" : [ ]
}, {
  "platform" : "",
  "searchTime" : "2025-11-04T17:17:22.252Z[UTC]",
  "searchQuery" : "and when im ca",
  "searchInteractionURIs" : [ ]
}, {
  "platform" : "",
  "searchTime" : "2025-11-04T17:17:23.703Z[UTC]",
  "searchQuery" : "and when im back in ",
  "searchInteractionURIs" : [ ]
}, {
  "platform" : "",
  "searchTime" : "2025-11-04T17:17:24.026Z[UTC]",
  "searchQuery" : "and when im back in ",
  "searchInteractionURIs" : [ ]
}, {
  "platform" : "",
  "searchTime" : "2025-11-05T02:33:11.345Z[UTC]",
  "searchQuery" : "ta",
  "searchInteractionURIs" : [ ]
}, {
  "platform" : "",
  "searchTime" : "2025-11-05T02:33:11.353Z[UTC]",
  "searchQuery" : "talk",
  "searchInteractionURIs" : [ ]
}, {
  "platform" : "IPHONE",
  "searchTime" : "2025-11-05T02:33:12.308Z[UTC]",
  "searchQuery" : "talking",
  "searchInteractionURIs" : [ "spotify:album:4sLCQxMRfn3gAHrBNZtbTH" ]
}, {
  "platform" : "",
  "searchTime" : "2025-11-05T21:54:15.914Z[UTC]",
  "searchQuery" : "dont stopp",
  "searchInteractionURIs" : [ ]
}, {
  "platform" : "",
  "searchTime" : "2025-11-05T21:54:16.499Z[UTC]",
  "searchQuery" : "dont stopp",
  "searchInteractionURIs" : [ ]
}, {
  "platform" : "",
  "searchTime" : "2025-11-05T21:54:16.539Z[UTC]",
  "searchQuery" : "dont stop me ",
  "searchInteractionURIs" : [ ]
}, {
  "platform" : "",
  "searchTime" : "2025-11-05T21:54:16.933Z[UTC]",
  "searchQuery" : "dont stop me ",
  "searchInteractionURIs" : [ ]
}, {
  "platform" : "",
  "searchTime" : "2025-11-05T21:54:17.161Z[UTC]",
  "searchQuery" : "dont stop me now",
  "searchInteractionURIs" : [ ]
}, {
  "platform" : "",
  "searchTime" : "2025-11-05T21:54:17.527Z[UTC]",
  "searchQuery" : "dont stop me now",
  "searchInteractionURIs" : [ ]
}, {
  "platform" : "",
  "searchTime" : "2025-11-05T23:28:29.654Z[UTC]",
  "searchQuery" : "ne",
  "searchInteractionURIs" : [ ]
}, {
  "platform" : "",
  "searchTime" : "2025-11-05T23:28:29.973Z[UTC]",
  "searchQuery" : "ne",
  "searchInteractionURIs" : [ ]
}, {
  "platform" : "",
  "searchTime" : "2025-11-05T23:28:31.118Z[UTC]",
  "searchQuery" : "never gonna ",
  "searchInteractionURIs" : [ ]
}, {
  "platform" : "",
  "searchTime" : "2025-11-05T23:28:31.477Z[UTC]",
  "searchQuery" : "never gonna ",
  "searchInteractionURIs" : [ ]
}, {
  "platform" : "",
  "searchTime" : "2025-11-05T23:28:32.898Z[UTC]",
  "searchQuery" : "never gonna give ",
  "searchInteractionURIs" : [ ]
}, {
  "platform" : "",
  "searchTime" : "2025-11-05T23:28:33.279Z[UTC]",
  "searchQuery" : "never gonna give ",
  "searchInteractionURIs" : [ ]
}, {
  "platform" : "",
  "searchTime" : "2025-11-07T00:58:04.793Z[UTC]",
  "searchQuery" : "t",
  "searchInteractionURIs" : [ ]
}, {
  "platform" : "",
  "searchTime" : "2025-11-07T00:58:05.148Z[UTC]",
  "searchQuery" : "th",
  "searchInteractionURIs" : [ ]
}, {
  "platform" : "",
  "searchTime" : "2025-11-07T00:58:05.157Z[UTC]",
  "searchQuery" : "the",
  "searchInteractionURIs" : [ ]
}, {
  "platform" : "",
  "searchTime" : "2025-11-07T00:58:05.178Z[UTC]",
  "searchQuery" : "the ",
  "searchInteractionURIs" : [ ]
}, {
  "platform" : "",
  "searchTime" : "2025-11-07T00:58:05.214Z[UTC]",
  "searchQuery" : "the s",
  "searchInteractionURIs" : [ ]
}, {
  "platform" : "",
  "searchTime" : "2025-11-07T00:58:05.932Z[UTC]",
  "searchQuery" : "the smith",
  "searchInteractionURIs" : [ ]
}, {
  "platform" : "IPHONE",
  "searchTime" : "2025-11-07T00:58:06.559Z[UTC]",
  "searchQuery" : "the smiths",
  "searchInteractionURIs" : [ "spotify:playlist:37i9dQZF1DZ06evO24u0wM" ]
}, {
  "platform" : "",
  "searchTime" : "2025-11-11T01:36:54.777Z[UTC]",
  "searchQuery" : "tur",
  "searchInteractionURIs" : [ ]
}, {
  "platform" : "",
  "searchTime" : "2025-11-11T01:36:54.793Z[UTC]",
  "searchQuery" : "tu",
  "searchInteractionURIs" : [ ]
}, {
  "platform" : "IPHONE_ARM64",
  "searchTime" : "2025-11-11T01:36:55.169Z[UTC]",
  "searchQuery" : "turman",
  "searchInteractionURIs" : [ ]
}, {
  "platform" : "",
  "searchTime" : "2025-11-11T01:36:55.633Z[UTC]",
  "searchQuery" : "turmali",
  "searchInteractionURIs" : [ ]
}, {
  "platform" : "IPHONE",
  "searchTime" : "2025-11-11T01:36:56.330Z[UTC]",
  "searchQuery" : "turmalina",
  "searchInteractionURIs" : [ "spotify:album:6KokFpa9EX8x1w9zNp49AM" ]
}, {
  "platform" : "",
  "searchTime" : "2025-11-11T02:46:58.294Z[UTC]",
  "searchQuery" : "d",
  "searchInteractionURIs" : [ ]
}, {
  "platform" : "",
  "searchTime" : "2025-11-11T02:46:58.728Z[UTC]",
  "searchQuery" : "dua",
  "searchInteractionURIs" : [ ]
}, {
  "platform" : "IPHONE_ARM64",
  "searchTime" : "2025-11-11T02:46:58.997Z[UTC]",
  "searchQuery" : "dua l",
  "searchInteractionURIs" : [ ]
}, {
  "platform" : "IPHONE_ARM64",
  "searchTime" : "2025-11-11T02:46:59.855Z[UTC]",
  "searchQuery" : "dua lip",
  "searchInteractionURIs" : [ ]
}, {
  "platform" : "IPHONE",
  "searchTime" : "2025-11-11T02:47:00.192Z[UTC]",
  "searchQuery" : "dua lipa",
  "searchInteractionURIs" : [ "spotify:artist:6M2wZ9GZgrQXHCFfjv46we" ]
}, {
  "platform" : "",
  "searchTime" : "2025-11-11T13:10:18.880Z[UTC]",
  "searchQuery" : "wo",
  "searchInteractionURIs" : [ ]
}, {
  "platform" : "",
  "searchTime" : "2025-11-11T13:10:18.887Z[UTC]",
  "searchQuery" : "w",
  "searchInteractionURIs" : [ ]
}, {
  "platform" : "",
  "searchTime" : "2025-11-11T13:10:19.487Z[UTC]",
  "searchQuery" : "wolf",
  "searchInteractionURIs" : [ ]
}, {
  "platform" : "",
  "searchTime" : "2025-11-11T13:10:19.493Z[UTC]",
  "searchQuery" : "wolf a",
  "searchInteractionURIs" : [ ]
}, {
  "platform" : "",
  "searchTime" : "2025-11-11T13:10:19.558Z[UTC]",
  "searchQuery" : "wolf ali",
  "searchInteractionURIs" : [ ]
}, {
  "platform" : "IPHONE",
  "searchTime" : "2025-11-11T13:10:20.183Z[UTC]",
  "searchQuery" : "wolf alic",
  "searchInteractionURIs" : [ "spotify:artist:3btzEQD6sugImIHPMRgkwV" ]
}, {
  "platform" : "",
  "searchTime" : "2025-11-11T19:03:28.656Z[UTC]",
  "searchQuery" : "tu mist",
  "searchInteractionURIs" : [ ]
}, {
  "platform" : "",
  "searchTime" : "2025-11-11T19:03:29.115Z[UTC]",
  "searchQuery" : "tu mist",
  "searchInteractionURIs" : [ ]
}, {
  "platform" : "",
  "searchTime" : "2025-11-11T19:03:29.271Z[UTC]",
  "searchQuery" : "tu misterioso",
  "searchInteractionURIs" : [ ]
}, {
  "platform" : "",
  "searchTime" : "2025-11-11T19:03:29.515Z[UTC]",
  "searchQuery" : "tu misterioso",
  "searchInteractionURIs" : [ ]
}, {
  "platform" : "",
  "searchTime" : "2025-11-25T18:40:24.221Z[UTC]",
  "searchQuery" : "mir",
  "searchInteractionURIs" : [ ]
}, {
  "platform" : "",
  "searchTime" : "2025-11-25T18:40:24.443Z[UTC]",
  "searchQuery" : "mir",
  "searchInteractionURIs" : [ ]
}, {
  "platform" : "LINUX_X86_64",
  "searchTime" : "2025-11-25T18:40:24.557Z[UTC]",
  "searchQuery" : "mira",
  "searchInteractionURIs" : [ ]
}, {
  "platform" : "",
  "searchTime" : "2025-11-25T18:40:24.620Z[UTC]",
  "searchQuery" : "mira",
  "searchInteractionURIs" : [ ]
}, {
  "platform" : "",
  "searchTime" : "2025-11-25T18:40:25.027Z[UTC]",
  "searchQuery" : "miran",
  "searchInteractionURIs" : [ ]
}, {
  "platform" : "",
  "searchTime" : "2025-11-25T18:40:25.277Z[UTC]",
  "searchQuery" : "miran",
  "searchInteractionURIs" : [ ]
}, {
  "platform" : "",
  "searchTime" : "2025-11-25T18:40:25.310Z[UTC]",
  "searchQuery" : "mirand",
  "searchInteractionURIs" : [ ]
}, {
  "platform" : "",
  "searchTime" : "2025-11-25T18:40:25.574Z[UTC]",
  "searchQuery" : "mirand",
  "searchInteractionURIs" : [ ]
}, {
  "platform" : "",
  "searchTime" : "2025-12-02T20:36:21.681Z[UTC]",
  "searchQuery" : "vi",
  "searchInteractionURIs" : [ ]
}, {
  "platform" : "",
  "searchTime" : "2025-12-02T20:36:21.709Z[UTC]",
  "searchQuery" : "viru",
  "searchInteractionURIs" : [ ]
}, {
  "platform" : "IPHONE_ARM64",
  "searchTime" : "2025-12-02T20:36:21.984Z[UTC]",
  "searchQuery" : "v",
  "searchInteractionURIs" : [ ]
}, {
  "platform" : "IPHONE",
  "searchTime" : "2025-12-02T20:36:22.285Z[UTC]",
  "searchQuery" : "virus",
  "searchInteractionURIs" : [ "spotify:album:3JpFR1SeMvppqhUiXSsvT3" ]
}, {
  "platform" : "",
  "searchTime" : "2025-12-02T21:03:02.996Z[UTC]",
  "searchQuery" : "virus",
  "searchInteractionURIs" : [ ]
}, {
  "platform" : "",
  "searchTime" : "2025-12-03T02:05:21.105Z[UTC]",
  "searchQuery" : "ero",
  "searchInteractionURIs" : [ ]
}, {
  "platform" : "",
  "searchTime" : "2025-12-03T02:05:21.107Z[UTC]",
  "searchQuery" : "er",
  "searchInteractionURIs" : [ ]
}, {
  "platform" : "IPHONE",
  "searchTime" : "2025-12-03T02:05:22.212Z[UTC]",
  "searchQuery" : "eros ",
  "searchInteractionURIs" : [ ]
}, {
  "platform" : "",
  "searchTime" : "2025-12-03T18:48:34.230Z[UTC]",
  "searchQuery" : "la",
  "searchInteractionURIs" : [ ]
}, {
  "platform" : "",
  "searchTime" : "2025-12-03T18:48:34.232Z[UTC]",
  "searchQuery" : "l",
  "searchInteractionURIs" : [ ]
}, {
  "platform" : "",
  "searchTime" : "2025-12-03T18:48:34.507Z[UTC]",
  "searchQuery" : "la ",
  "searchInteractionURIs" : [ ]
}, {
  "platform" : "",
  "searchTime" : "2025-12-03T18:48:34.509Z[UTC]",
  "searchQuery" : "la grasa de",
  "searchInteractionURIs" : [ ]
}, {
  "platform" : "",
  "searchTime" : "2025-12-03T18:48:34.511Z[UTC]",
  "searchQuery" : "la gra",
  "searchInteractionURIs" : [ ]
}, {
  "platform" : "",
  "searchTime" : "2025-12-03T18:48:34.513Z[UTC]",
  "searchQuery" : "la g",
  "searchInteractionURIs" : [ ]
}, {
  "platform" : "",
  "searchTime" : "2025-12-03T18:48:34.516Z[UTC]",
  "searchQuery" : "la grasa",
  "searchInteractionURIs" : [ ]
}, {
  "platform" : "",
  "searchTime" : "2025-12-03T18:48:34.522Z[UTC]",
  "searchQuery" : "la grasa d",
  "searchInteractionURIs" : [ ]
}, {
  "platform" : "",
  "searchTime" : "2025-12-03T18:48:34.529Z[UTC]",
  "searchQuery" : "la gr",
  "searchInteractionURIs" : [ ]
}, {
  "platform" : "IPHONE_ARM64",
  "searchTime" : "2025-12-03T18:48:34.806Z[UTC]",
  "searchQuery" : "la gras",
  "searchInteractionURIs" : [ ]
}, {
  "platform" : "IPHONE",
  "searchTime" : "2025-12-03T18:48:35.564Z[UTC]",
  "searchQuery" : "la grasa de ",
  "searchInteractionURIs" : [ "spotify:album:50Zdj0roBpH99wAbEy8BmI" ]
} ]
