[ {
  "endTime" : "2024-12-11 00:44",
  "podcastName" : "Club del cringe",
  "episodeName" : "SARAI RODERICK | Harry Potter me mandó una carta T.1 - EP. 7",
  "msPlayed" : 4242
}, {
  "endTime" : "2024-12-11 00:44",
  "podcastName" : "Literalmente",
  "episodeName" : "HASTA SIEMPRE, THE ERAS TOUR",
  "msPlayed" : 1471
}, {
  "endTime" : "2024-12-11 00:44",
  "podcastName" : "La Cruda",
  "episodeName" : "Vida de Millonarios - Flor Sosa",
  "msPlayed" : 944
}, {
  "endTime" : "2024-12-11 00:44",
  "podcastName" : "HarryPotterSagaCompleta",
  "episodeName" : "01. El niño que sobrevivió ",
  "msPlayed" : 1341
}, {
  "endTime" : "2024-12-11 00:44",
  "podcastName" : "Alfred Pennyworth Presenta",
  "episodeName" : "Alfred Pennyworth Returns (en vivo)",
  "msPlayed" : 4441
}, {
  "endTime" : "2024-12-11 00:44",
  "podcastName" : "Quémese después de escuchar",
  "episodeName" : "576. Gladiator II",
  "msPlayed" : 1780
}, {
  "endTime" : "2024-12-11 00:44",
  "podcastName" : "Dato Encerrado",
  "episodeName" : "La vaca y el pillito",
  "msPlayed" : 5292
}, {
  "endTime" : "2024-12-11 21:00",
  "podcastName" : "La Cruda",
  "episodeName" : "Bebé robada - Gladys Morel ",
  "msPlayed" : 1051713
}, {
  "endTime" : "2024-12-11 21:08",
  "podcastName" : "La Cruda",
  "episodeName" : "Bebé robada - Gladys Morel ",
  "msPlayed" : 470562
}, {
  "endTime" : "2024-12-11 23:36",
  "podcastName" : "La Cruda",
  "episodeName" : "Violencia de género - Julieta Prandi",
  "msPlayed" : 197878
}, {
  "endTime" : "2024-12-13 20:36",
  "podcastName" : "La Cruda",
  "episodeName" : "Violencia de género - Julieta Prandi",
  "msPlayed" : 1117988
}, {
  "endTime" : "2024-12-14 20:52",
  "podcastName" : "ESTO ES CINE",
  "episodeName" : "04. EL DISNEY DE LOS NOVENTA",
  "msPlayed" : 903921
}, {
  "endTime" : "2024-12-15 23:29",
  "podcastName" : "El podcast de MAPI HERMIDA",
  "episodeName" : "150. El amor eterno no existe con Enrique Rojas",
  "msPlayed" : 0
}, {
  "endTime" : "2024-12-23 18:44",
  "podcastName" : "La Cruda",
  "episodeName" : "El Terror - Mariana Enríquez",
  "msPlayed" : 3805282
}, {
  "endTime" : "2024-12-26 03:37",
  "podcastName" : "Krakozhia Podcast",
  "episodeName" : "S1 Ep41: Detour (1945)",
  "msPlayed" : 0
}, {
  "endTime" : "2024-12-26 03:37",
  "podcastName" : "Krakozhia Podcast",
  "episodeName" : "S1 Ep39: Parasite (2019)",
  "msPlayed" : 0
}, {
  "endTime" : "2025-01-02 21:31",
  "podcastName" : "La Cruda",
  "episodeName" : "Drogas - Enzo Tagliazucchi",
  "msPlayed" : 2567
}, {
  "endTime" : "2025-01-02 21:31",
  "podcastName" : "La Cruda",
  "episodeName" : "Drogas - Enzo Tagliazucchi",
  "msPlayed" : 6696
}, {
  "endTime" : "2025-01-02 22:45",
  "podcastName" : "La Cruda",
  "episodeName" : "Drogas - Enzo Tagliazucchi",
  "msPlayed" : 3706431
}, {
  "endTime" : "2025-01-09 21:41",
  "podcastName" : "Billions Club: The Series",
  "episodeName" : "Billions Club Live with The Weeknd: A Concert Film",
  "msPlayed" : 0
}, {
  "endTime" : "2025-01-09 22:19",
  "podcastName" : "Billions Club: The Series",
  "episodeName" : "Billions Club Live with The Weeknd: A Concert Film",
  "msPlayed" : 0
}, {
  "endTime" : "2025-01-10 01:44",
  "podcastName" : "Chisme Mitológico",
  "episodeName" : "1x30 El VERDADERO Enemigo de Hércules",
  "msPlayed" : 60001
}, {
  "endTime" : "2025-01-11 18:27",
  "podcastName" : "Chisme Mitológico",
  "episodeName" : "1x30 El VERDADERO Enemigo de Hércules",
  "msPlayed" : 0
}, {
  "endTime" : "2025-01-11 18:28",
  "podcastName" : "Chisme Mitológico",
  "episodeName" : "1x30 El VERDADERO Enemigo de Hércules",
  "msPlayed" : 7504
}, {
  "endTime" : "2025-01-11 18:55",
  "podcastName" : "Chisme Mitológico",
  "episodeName" : "1x30 El VERDADERO Enemigo de Hércules",
  "msPlayed" : 954
}, {
  "endTime" : "2025-01-11 18:57",
  "podcastName" : "Chisme Mitológico",
  "episodeName" : "1x30 El VERDADERO Enemigo de Hércules",
  "msPlayed" : 0
}, {
  "endTime" : "2025-01-11 18:58",
  "podcastName" : "Chisme Mitológico",
  "episodeName" : "1x30 El VERDADERO Enemigo de Hércules",
  "msPlayed" : 0
}, {
  "endTime" : "2025-01-11 19:01",
  "podcastName" : "Chisme Mitológico",
  "episodeName" : "1x30 El VERDADERO Enemigo de Hércules",
  "msPlayed" : 0
}, {
  "endTime" : "2025-01-11 19:02",
  "podcastName" : "Chisme Mitológico",
  "episodeName" : "1x30 El VERDADERO Enemigo de Hércules",
  "msPlayed" : 60004
}, {
  "endTime" : "2025-01-11 22:38",
  "podcastName" : "Chisme Mitológico",
  "episodeName" : "1x30 El VERDADERO Enemigo de Hércules",
  "msPlayed" : 13634
}, {
  "endTime" : "2025-01-11 22:54",
  "podcastName" : "Chisme Mitológico",
  "episodeName" : "1x30 El VERDADERO Enemigo de Hércules",
  "msPlayed" : 25452
}, {
  "endTime" : "2025-01-11 22:54",
  "podcastName" : "Chisme Mitológico",
  "episodeName" : "1x30 El VERDADERO Enemigo de Hércules",
  "msPlayed" : 4825
}, {
  "endTime" : "2025-01-11 22:56",
  "podcastName" : "Chisme Mitológico",
  "episodeName" : "1x30 El VERDADERO Enemigo de Hércules",
  "msPlayed" : 3100
}, {
  "endTime" : "2025-01-11 23:07",
  "podcastName" : "Chisme Mitológico",
  "episodeName" : "1x30 El VERDADERO Enemigo de Hércules",
  "msPlayed" : 20511
}, {
  "endTime" : "2025-01-11 23:08",
  "podcastName" : "Chisme Mitológico",
  "episodeName" : "1x30 El VERDADERO Enemigo de Hércules",
  "msPlayed" : 28849
}, {
  "endTime" : "2025-01-11 23:08",
  "podcastName" : "Chisme Mitológico",
  "episodeName" : "1x30 El VERDADERO Enemigo de Hércules",
  "msPlayed" : 0
}, {
  "endTime" : "2025-01-11 23:09",
  "podcastName" : "Chisme Mitológico",
  "episodeName" : "1x30 El VERDADERO Enemigo de Hércules",
  "msPlayed" : 3262
}, {
  "endTime" : "2025-01-11 23:09",
  "podcastName" : "Chisme Mitológico",
  "episodeName" : "1x30 El VERDADERO Enemigo de Hércules",
  "msPlayed" : 52685
}, {
  "endTime" : "2025-01-11 23:10",
  "podcastName" : "Chisme Mitológico",
  "episodeName" : "1x30 El VERDADERO Enemigo de Hércules",
  "msPlayed" : 60001
}, {
  "endTime" : "2025-01-12 21:30",
  "podcastName" : "ROCA PROJECT",
  "episodeName" : "20 Hábitos para Transformar tu Vida y Alcanzar tus Metas | Patri Psicóloga Roca Project 2x25",
  "msPlayed" : 29191
}, {
  "endTime" : "2025-01-16 00:44",
  "podcastName" : "ROCA PROJECT",
  "episodeName" : "20 Hábitos para Transformar tu Vida y Alcanzar tus Metas | Patri Psicóloga Roca Project 2x25",
  "msPlayed" : 0
}, {
  "endTime" : "2025-01-16 00:54",
  "podcastName" : "ROCA PROJECT",
  "episodeName" : "20 Hábitos para Transformar tu Vida y Alcanzar tus Metas | Patri Psicóloga Roca Project 2x25",
  "msPlayed" : 931
}, {
  "endTime" : "2025-02-07 01:05",
  "podcastName" : "Las Damitas Histeria",
  "episodeName" : "T2 E43 - Cosas raras que conservas",
  "msPlayed" : 13034
}, {
  "endTime" : "2025-02-10 22:47",
  "podcastName" : "Tenemos Jardín - La Vela Puerca",
  "episodeName" : "EP 2 | 20 años de A Contraluz",
  "msPlayed" : 3750
}, {
  "endTime" : "2025-02-10 22:56",
  "podcastName" : "Tenemos Jardín - La Vela Puerca",
  "episodeName" : "EP 1 | Vivo a Contraluz",
  "msPlayed" : 530810
}, {
  "endTime" : "2025-03-01 22:12",
  "podcastName" : "Humor en serio",
  "episodeName" : "Nico Occhiato",
  "msPlayed" : 30001
}, {
  "endTime" : "2025-03-02 05:02",
  "podcastName" : "Morras Malditas",
  "episodeName" : "209: Un niño flotaba en carretera, los ojos en el retrovisor y más historias de carreteras.",
  "msPlayed" : 60002
}, {
  "endTime" : "2025-03-14 15:03",
  "podcastName" : "BARBANO EN HECHOS REALES",
  "episodeName" : "LIAM PAYNE: LOS SECRETOS DE UNA MUERTE ANUNCIADA",
  "msPlayed" : 18238
}, {
  "endTime" : "2025-03-18 12:55",
  "podcastName" : "La Crónica Oscura",
  "episodeName" : "OJ Simpson y el Juicio del Siglo. \"Si no se los puede poner lo tienen que absolver\"",
  "msPlayed" : 778
}, {
  "endTime" : "2025-03-18 12:55",
  "podcastName" : "La Crónica Oscura",
  "episodeName" : "OJ Simpson y el Juicio del Siglo. \"Si no se los puede poner lo tienen que absolver\"",
  "msPlayed" : 5680
}, {
  "endTime" : "2025-03-18 13:02",
  "podcastName" : "La Crónica Oscura",
  "episodeName" : "OJ Simpson y el Juicio del Siglo. \"Si no se los puede poner lo tienen que absolver\"",
  "msPlayed" : 1627
}, {
  "endTime" : "2025-04-12 19:06",
  "podcastName" : "ESTO ES CINE",
  "episodeName" : "04. EL DISNEY DE LOS NOVENTA",
  "msPlayed" : 1907671
}, {
  "endTime" : "2025-04-24 22:32",
  "podcastName" : "Quémese después de escuchar",
  "episodeName" : "369. Fleabag",
  "msPlayed" : 366805
}, {
  "endTime" : "2025-04-25 00:18",
  "podcastName" : "Quémese después de escuchar",
  "episodeName" : "549. Argentina, 1985",
  "msPlayed" : 2483990
}, {
  "endTime" : "2025-04-25 13:10",
  "podcastName" : "Quémese después de escuchar",
  "episodeName" : "549. Argentina, 1985",
  "msPlayed" : 334259
}, {
  "endTime" : "2025-04-26 21:05",
  "podcastName" : "Quémese después de escuchar",
  "episodeName" : "550. Talk to Me",
  "msPlayed" : 0
}, {
  "endTime" : "2025-04-26 21:05",
  "podcastName" : "Quémese después de escuchar",
  "episodeName" : "549. Argentina, 1985",
  "msPlayed" : 667533
}, {
  "endTime" : "2025-04-26 21:48",
  "podcastName" : "Quémese después de escuchar",
  "episodeName" : "556. The Holdovers",
  "msPlayed" : 2496600
}, {
  "endTime" : "2025-04-26 21:51",
  "podcastName" : "Quémese después de escuchar",
  "episodeName" : "Varieté",
  "msPlayed" : 155720
}, {
  "endTime" : "2025-04-26 21:51",
  "podcastName" : "Quémese después de escuchar",
  "episodeName" : "Mar del Plata 37",
  "msPlayed" : 26751
}, {
  "endTime" : "2025-04-27 20:19",
  "podcastName" : "Quémese después de escuchar",
  "episodeName" : "488. Tick, Tick... Boom",
  "msPlayed" : 2174144
}, {
  "endTime" : "2025-04-29 11:21",
  "podcastName" : "Quémese después de escuchar",
  "episodeName" : "488. Tick, Tick... Boom",
  "msPlayed" : 324757
}, {
  "endTime" : "2025-04-30 00:20",
  "podcastName" : "Quémese después de escuchar",
  "episodeName" : "457. Loki - 1era. Temporada",
  "msPlayed" : 256
}, {
  "endTime" : "2025-05-01 18:28",
  "podcastName" : "Quémese después de escuchar",
  "episodeName" : "481. Legally Blonde",
  "msPlayed" : 1122518
}, {
  "endTime" : "2025-05-04 23:24",
  "podcastName" : "Máquinas de escribir",
  "episodeName" : "Mariana Enriquez y los misterios del terror",
  "msPlayed" : 1692757
}, {
  "endTime" : "2025-05-08 00:07",
  "podcastName" : "Máquinas de escribir",
  "episodeName" : "Mariana Enriquez y los misterios del terror",
  "msPlayed" : 1001045
}, {
  "endTime" : "2025-05-08 00:10",
  "podcastName" : "Máquinas de escribir",
  "episodeName" : "Mariana Enriquez y los misterios del terror",
  "msPlayed" : 3320
}, {
  "endTime" : "2025-05-08 22:09",
  "podcastName" : "Máquinas de escribir",
  "episodeName" : "Mariana Enriquez y los misterios del terror",
  "msPlayed" : 862112
}, {
  "endTime" : "2025-05-10 20:43",
  "podcastName" : "Máquinas de escribir",
  "episodeName" : "María Gainza y las virtudes del error",
  "msPlayed" : 880982
}, {
  "endTime" : "2025-05-20 21:39",
  "podcastName" : "Hablando de Algo con Alguien",
  "episodeName" : "Hablando de La Vida con Lali",
  "msPlayed" : 1921
}, {
  "endTime" : "2025-05-20 22:59",
  "podcastName" : "Hablando de Algo con Alguien",
  "episodeName" : "Hablando de La Vida con Lali",
  "msPlayed" : 1119
}, {
  "endTime" : "2025-05-20 23:23",
  "podcastName" : "Máquinas de escribir",
  "episodeName" : "Selva Almada y el río de la escritura ",
  "msPlayed" : 1160064
}, {
  "endTime" : "2025-05-24 22:58",
  "podcastName" : "Audiolibros Por qué leer",
  "episodeName" : "El barrio de las mujeres solas - Josefina Licitra | Audiolibros Por qué leer",
  "msPlayed" : 1019959
}, {
  "endTime" : "2025-05-28 20:18",
  "podcastName" : "La Pija y la Quinqui",
  "episodeName" : "ADICTA AL CANDY CRUSH con ÚRSULA CORBERÓ | La Pija y la Quinqui 4x34",
  "msPlayed" : 0
}, {
  "endTime" : "2025-05-29 19:33",
  "podcastName" : "La Pija y la Quinqui",
  "episodeName" : "ADICTA AL CANDY CRUSH con ÚRSULA CORBERÓ | La Pija y la Quinqui 4x34",
  "msPlayed" : 0
}, {
  "endTime" : "2025-06-02 00:22",
  "podcastName" : "Historias Perdidas",
  "episodeName" : "La hechicería de William de Soules",
  "msPlayed" : 9450
}, {
  "endTime" : "2025-06-04 23:52",
  "podcastName" : "BARBANO EN HECHOS REALES",
  "episodeName" : "AXEL BLUMBERG: El secuestro que cambió a la Argentina",
  "msPlayed" : 8673
}, {
  "endTime" : "2025-06-05 00:18",
  "podcastName" : "BARBANO EN HECHOS REALES",
  "episodeName" : "AXEL BLUMBERG: El secuestro que cambió a la Argentina",
  "msPlayed" : 0
}, {
  "endTime" : "2025-06-06 14:19",
  "podcastName" : "ROCA PROJECT",
  "episodeName" : "#45 - CÓMO SER MEJOR PERSONA con Valores que Transformarán Tu Vida | Patri Psicóloga en Roca Project",
  "msPlayed" : 15991
}, {
  "endTime" : "2025-06-07 00:09",
  "podcastName" : "ROCA PROJECT",
  "episodeName" : "#45 - CÓMO SER MEJOR PERSONA con Valores que Transformarán Tu Vida | Patri Psicóloga en Roca Project",
  "msPlayed" : 50
}, {
  "endTime" : "2025-06-07 03:32",
  "podcastName" : "ROCA PROJECT",
  "episodeName" : "#45 - CÓMO SER MEJOR PERSONA con Valores que Transformarán Tu Vida | Patri Psicóloga en Roca Project",
  "msPlayed" : 90
}, {
  "endTime" : "2025-06-11 22:15",
  "podcastName" : "Colorama",
  "episodeName" : "COLORAMA #14 Las Chicas de la Culpa: Connie Ballarini, Malena Guinzburg, Fer Metilli, Nati Carulias",
  "msPlayed" : 1870
}, {
  "endTime" : "2025-06-11 22:52",
  "podcastName" : "Colorama",
  "episodeName" : "COLORAMA #14 Las Chicas de la Culpa: Connie Ballarini, Malena Guinzburg, Fer Metilli, Nati Carulias",
  "msPlayed" : 0
}, {
  "endTime" : "2025-06-11 22:52",
  "podcastName" : "Colorama",
  "episodeName" : "COLORAMA #14 Las Chicas de la Culpa: Connie Ballarini, Malena Guinzburg, Fer Metilli, Nati Carulias",
  "msPlayed" : 345
}, {
  "endTime" : "2025-06-12 09:59",
  "podcastName" : "Colorama",
  "episodeName" : "COLORAMA #14 Las Chicas de la Culpa: Connie Ballarini, Malena Guinzburg, Fer Metilli, Nati Carulias",
  "msPlayed" : 0
}, {
  "endTime" : "2025-06-12 10:02",
  "podcastName" : "Colorama",
  "episodeName" : "COLORAMA #14 Las Chicas de la Culpa: Connie Ballarini, Malena Guinzburg, Fer Metilli, Nati Carulias",
  "msPlayed" : 0
}, {
  "endTime" : "2025-06-20 16:25",
  "podcastName" : "Hablando de Algo con Alguien",
  "episodeName" : "Hablando de La Ironía con Marilina Bertoldi",
  "msPlayed" : 861
}, {
  "endTime" : "2025-06-20 16:25",
  "podcastName" : "Hablando de Algo con Alguien",
  "episodeName" : "Hablando de La Ironía con Marilina Bertoldi",
  "msPlayed" : 0
}, {
  "endTime" : "2025-06-20 16:27",
  "podcastName" : "Hablando de Algo con Alguien",
  "episodeName" : "Hablando de La Ironía con Marilina Bertoldi",
  "msPlayed" : 2105
}, {
  "endTime" : "2025-06-20 16:27",
  "podcastName" : "Hablando de Algo con Alguien",
  "episodeName" : "Hablando de La Ironía con Marilina Bertoldi",
  "msPlayed" : 115735
}, {
  "endTime" : "2025-06-20 16:28",
  "podcastName" : "Hablando de Algo con Alguien",
  "episodeName" : "Hablando de La Ironía con Marilina Bertoldi",
  "msPlayed" : 4838
}, {
  "endTime" : "2025-06-20 16:28",
  "podcastName" : "Hablando de Algo con Alguien",
  "episodeName" : "Hablando de La Ironía con Marilina Bertoldi",
  "msPlayed" : 0
}, {
  "endTime" : "2025-06-20 16:28",
  "podcastName" : "Hablando de Algo con Alguien",
  "episodeName" : "Hablando de La Ironía con Marilina Bertoldi",
  "msPlayed" : 3397
}, {
  "endTime" : "2025-06-20 16:30",
  "podcastName" : "Hablando de Algo con Alguien",
  "episodeName" : "Hablando de La Ironía con Marilina Bertoldi",
  "msPlayed" : 4247
}, {
  "endTime" : "2025-06-20 16:31",
  "podcastName" : "Hablando de Algo con Alguien",
  "episodeName" : "Hablando de La Ironía con Marilina Bertoldi",
  "msPlayed" : 14716
}, {
  "endTime" : "2025-06-20 16:31",
  "podcastName" : "Hablando de Algo con Alguien",
  "episodeName" : "Hablando de La Ironía con Marilina Bertoldi",
  "msPlayed" : 0
}, {
  "endTime" : "2025-06-20 16:33",
  "podcastName" : "Hablando de Algo con Alguien",
  "episodeName" : "Hablando de La Ironía con Marilina Bertoldi",
  "msPlayed" : 5127
}, {
  "endTime" : "2025-06-20 16:45",
  "podcastName" : "Hablando de Algo con Alguien",
  "episodeName" : "Hablando de La Ironía con Marilina Bertoldi",
  "msPlayed" : 0
}, {
  "endTime" : "2025-06-28 18:38",
  "podcastName" : "Historias felices y tristes de Occidente",
  "episodeName" : "La Tierra Plana",
  "msPlayed" : 6123
}, {
  "endTime" : "2025-07-02 23:45",
  "podcastName" : "Todo es Fake",
  "episodeName" : "T3:E1: Hablar de política es como hablar de series",
  "msPlayed" : 1088874
}, {
  "endTime" : "2025-07-03 00:10",
  "podcastName" : "Todo es Fake",
  "episodeName" : "¿Nos podemos ir de las redes? - Mora Matassi",
  "msPlayed" : 845864
}, {
  "endTime" : "2025-07-07 22:34",
  "podcastName" : "BARBANO EN HECHOS REALES",
  "episodeName" : "Hermanos, amantes y asesinos: el doble crimen de Pilar",
  "msPlayed" : 2771
}, {
  "endTime" : "2025-07-07 23:00",
  "podcastName" : "Rato",
  "episodeName" : "#4 | RATO con Lautaro Torres - Masculinidades",
  "msPlayed" : 1557504
}, {
  "endTime" : "2025-07-12 02:47",
  "podcastName" : "Rato",
  "episodeName" : "#4 | RATO con Lautaro Torres - Masculinidades",
  "msPlayed" : 1317546
}, {
  "endTime" : "2025-07-15 02:42",
  "podcastName" : "Rato",
  "episodeName" : "#4 | RATO con Lautaro Torres - Masculinidades",
  "msPlayed" : 617600
}, {
  "endTime" : "2025-07-15 04:58",
  "podcastName" : "Rato",
  "episodeName" : "#4 | RATO con Lautaro Torres - Masculinidades",
  "msPlayed" : 1219983
}, {
  "endTime" : "2025-07-15 20:44",
  "podcastName" : "Rato",
  "episodeName" : "#5 | RATO con Gala Díaz Langou - Economía del cuidado",
  "msPlayed" : 242598
}, {
  "endTime" : "2025-07-19 19:30",
  "podcastName" : "Santiago Bilinkis – Futuro en Construcción",
  "episodeName" : "¿Por qué tu cerebro te vacía la billetera?",
  "msPlayed" : 600
}, {
  "endTime" : "2025-07-19 22:04",
  "podcastName" : "Santiago Bilinkis – Futuro en Construcción",
  "episodeName" : "¿Por qué tu cerebro te vacía la billetera?",
  "msPlayed" : 0
}, {
  "endTime" : "2025-07-31 02:40",
  "podcastName" : "DOS PENDEJAS DE 50",
  "episodeName" : "Sandra Magirena: La ansiedad, el peor enemigo del sexo",
  "msPlayed" : 17480
}, {
  "endTime" : "2025-08-05 00:56",
  "podcastName" : "Espacio Seguro",
  "episodeName" : "Capítulo 5: Familias homoparentales",
  "msPlayed" : 11630
}, {
  "endTime" : "2025-08-06 03:59",
  "podcastName" : "Espacio Seguro",
  "episodeName" : "Capítulo 5: Familias homoparentales",
  "msPlayed" : 2974
}, {
  "endTime" : "2025-08-06 04:00",
  "podcastName" : "Espacio Seguro",
  "episodeName" : "Capítulo 5: Familias homoparentales",
  "msPlayed" : 27498
}, {
  "endTime" : "2025-08-06 04:00",
  "podcastName" : "Espacio Seguro",
  "episodeName" : "Capítulo 5: Familias homoparentales",
  "msPlayed" : 399
}, {
  "endTime" : "2025-08-09 16:32",
  "podcastName" : "La Escena",
  "episodeName" : "PRODUCCIÓN DE STREAMING - Galia Moldavsky, Ivana Szerman y Emilio Laszlo | LA ESCENA #6 con LULE GALLO",
  "msPlayed" : 1041
}, {
  "endTime" : "2025-08-09 16:32",
  "podcastName" : "La Escena",
  "episodeName" : "PRODUCCIÓN DE STREAMING - Galia Moldavsky, Ivana Szerman y Emilio Laszlo | LA ESCENA #6 con LULE GALLO",
  "msPlayed" : 2199
}, {
  "endTime" : "2025-08-09 16:32",
  "podcastName" : "La Escena",
  "episodeName" : "PRODUCCIÓN DE STREAMING - Galia Moldavsky, Ivana Szerman y Emilio Laszlo | LA ESCENA #6 con LULE GALLO",
  "msPlayed" : 164
}, {
  "endTime" : "2025-08-09 16:32",
  "podcastName" : "La Escena",
  "episodeName" : "PRODUCCIÓN DE STREAMING - Galia Moldavsky, Ivana Szerman y Emilio Laszlo | LA ESCENA #6 con LULE GALLO",
  "msPlayed" : 10943
}, {
  "endTime" : "2025-08-09 16:32",
  "podcastName" : "La Escena",
  "episodeName" : "PRODUCCIÓN DE STREAMING - Galia Moldavsky, Ivana Szerman y Emilio Laszlo | LA ESCENA #6 con LULE GALLO",
  "msPlayed" : 2431
}, {
  "endTime" : "2025-08-18 23:18",
  "podcastName" : "Colorama",
  "episodeName" : "COLORAMA #19: Alejandro Dolina y Gabriel Rolón con Julio Leiva | Entrevista completa",
  "msPlayed" : 210
}, {
  "endTime" : "2025-08-25 14:56",
  "podcastName" : "Intereses Conectados",
  "episodeName" : "92. Heterosexualidad obligatoria (Overcompensating & But I’m a Cheerleader)",
  "msPlayed" : 790
}, {
  "endTime" : "2025-08-27 04:03",
  "podcastName" : "Veto y Fer, el podcast.",
  "episodeName" : "Amigos son los amigos.",
  "msPlayed" : 1300
}, {
  "endTime" : "2025-08-27 22:17",
  "podcastName" : "Veto y Fer, el podcast.",
  "episodeName" : "Amigos son los amigos.",
  "msPlayed" : 38
}, {
  "endTime" : "2025-08-29 23:01",
  "podcastName" : "La Fórmula Podcast",
  "episodeName" : "¿Sirve el Ozempic?: las verdades ocultas del entrenamiento con Sebastián La Rosa",
  "msPlayed" : 320
}, {
  "endTime" : "2025-08-29 23:41",
  "podcastName" : "La Fórmula Podcast",
  "episodeName" : "¿Sirve el Ozempic?: las verdades ocultas del entrenamiento con Sebastián La Rosa",
  "msPlayed" : 6171
}, {
  "endTime" : "2025-08-29 23:41",
  "podcastName" : "La Fórmula Podcast",
  "episodeName" : "¿Sirve el Ozempic?: las verdades ocultas del entrenamiento con Sebastián La Rosa",
  "msPlayed" : 61
}, {
  "endTime" : "2025-08-29 23:41",
  "podcastName" : "La Fórmula Podcast",
  "episodeName" : "¿Sirve el Ozempic?: las verdades ocultas del entrenamiento con Sebastián La Rosa",
  "msPlayed" : 3593
}, {
  "endTime" : "2025-09-05 15:11",
  "podcastName" : "Lo Dejaría Todo",
  "episodeName" : "LDT 01: Tinistas | \"Cumplí mi sueño de subir al escenario\"",
  "msPlayed" : 2047
}, {
  "endTime" : "2025-09-05 15:11",
  "podcastName" : "Lo Dejaría Todo",
  "episodeName" : "LDT 01: Tinistas | \"Cumplí mi sueño de subir al escenario\"",
  "msPlayed" : 3219
}, {
  "endTime" : "2025-09-08 22:18",
  "podcastName" : "En Teoría",
  "episodeName" : "VIÑEDOS EN MARTE",
  "msPlayed" : 6975
}, {
  "endTime" : "2025-09-12 23:34",
  "podcastName" : "La verdad de las cosas",
  "episodeName" : "Ep. 58: ¿Por qué me pesa tanto la infidelidad de mi papá? ft. Eddy Vilard",
  "msPlayed" : 2651811
}, {
  "endTime" : "2025-09-25 01:09",
  "podcastName" : "Tela Para Cortar",
  "episodeName" : "ENTREVISTA A ANGELA TORRES",
  "msPlayed" : 883
}, {
  "endTime" : "2025-09-25 01:09",
  "podcastName" : "Es Un Facto",
  "episodeName" : "PATRICIA JEBSEN: TRABAJO, CARRERA Y SUPERVIVENCIA EN EL MUNDO LABORAL | ES UN FACTO EPISODIO #02",
  "msPlayed" : 0
}, {
  "endTime" : "2025-09-25 01:10",
  "podcastName" : "Tela Para Cortar",
  "episodeName" : "ENTREVISTA A ANGELA TORRES",
  "msPlayed" : 2528
}, {
  "endTime" : "2025-09-25 01:35",
  "podcastName" : "Tela Para Cortar",
  "episodeName" : "ENTREVISTA A ANGELA TORRES",
  "msPlayed" : 803
}, {
  "endTime" : "2025-09-25 23:25",
  "podcastName" : "Lo Real Real",
  "episodeName" : "Todo es Fake: Trabajos del futuro",
  "msPlayed" : 1694
}, {
  "endTime" : "2025-09-25 23:25",
  "podcastName" : "Lo Real Real",
  "episodeName" : "Todo es Fake: Trabajos del futuro",
  "msPlayed" : 2640
}, {
  "endTime" : "2025-09-26 00:08",
  "podcastName" : "Lo Real Real",
  "episodeName" : "Batalla Cultural | María Esperanza Casullo: Peronismo, oposición y gobernabilidad.",
  "msPlayed" : 2423353
}, {
  "endTime" : "2025-09-26 19:36",
  "podcastName" : "Lo Real Real",
  "episodeName" : "Las 48 horas del derrumbe",
  "msPlayed" : 1639
}, {
  "endTime" : "2025-09-26 19:39",
  "podcastName" : "Lo Real Real",
  "episodeName" : "Batalla Cultural | Sergio Morresi: ¿Por qué crecen las derechas? ",
  "msPlayed" : 165376
}, {
  "endTime" : "2025-09-28 18:58",
  "podcastName" : "Lo Real Real",
  "episodeName" : "Todo es Fake: Contra Silicon Valley - Evgeny Morozov",
  "msPlayed" : 314932
}, {
  "endTime" : "2025-10-04 19:46",
  "podcastName" : "Un pensamiento de Mai Pistiner",
  "episodeName" : "Cuando nada de lo que hago es suficiente",
  "msPlayed" : 0
}, {
  "endTime" : "2025-10-12 21:57",
  "podcastName" : "La Fórmula Podcast",
  "episodeName" : "\"Estamos criando hijos frágiles\" EXPERTO en Educación REVELA los SECRETOS para criar un hijo FUERTE",
  "msPlayed" : 5904
}, {
  "endTime" : "2025-10-25 17:49",
  "podcastName" : "Todo es Fake",
  "episodeName" : "La demanda permanente - Tamara Tenenbaum ",
  "msPlayed" : 2066000
}, {
  "endTime" : "2025-10-25 21:42",
  "podcastName" : "Todo es Fake",
  "episodeName" : "Mi cerebro tiene interferencias - Valeria Della-Maggiore",
  "msPlayed" : 1429760
}, {
  "endTime" : "2025-10-26 03:13",
  "podcastName" : "Todo es Fake",
  "episodeName" : "Mi cerebro tiene interferencias - Valeria Della-Maggiore",
  "msPlayed" : 6260
}, {
  "endTime" : "2025-11-16 17:08",
  "podcastName" : "Posta Podcast",
  "episodeName" : "HABLANDO DE S3X0 CON LUZ PSICOSEX: MITOS, TABUES Y TERAPIA SEXUAL | EPISODIO #19",
  "msPlayed" : 4131
}, {
  "endTime" : "2025-11-16 20:54",
  "podcastName" : "Posta Podcast",
  "episodeName" : "HABLANDO DE S3X0 CON LUZ PSICOSEX: MITOS, TABUES Y TERAPIA SEXUAL | EPISODIO #19",
  "msPlayed" : 1235
}, {
  "endTime" : "2025-11-16 20:54",
  "podcastName" : "Posta Podcast",
  "episodeName" : "HABLANDO DE S3X0 CON LUZ PSICOSEX: MITOS, TABUES Y TERAPIA SEXUAL | EPISODIO #19",
  "msPlayed" : 95
}, {
  "endTime" : "2025-11-23 21:05",
  "podcastName" : "Formula Creativa",
  "episodeName" : "Lucas Fridman: \"El desafio es que OLGA crezca sanamente\" | Formula Creativa",
  "msPlayed" : 962
} ]
