{
  "topArtists" : {
    "numUniqueArtists" : 1128,
    "topArtists" : [ {
      "artistUri" : "spotify:artist:06HL4z0CvFAxyc27GXpf02"
    }, {
      "artistUri" : "spotify:artist:3WrFJ7ztbogyGnTHbHJFl2"
    }, {
      "artistUri" : "spotify:artist:1bZNv4q3OxYq7mmnLha7Tu"
    }, {
      "artistUri" : "spotify:artist:2eEmsgWmUFMbtU7agJpnjY"
    }, {
      "artistUri" : "spotify:artist:5pg9cOudU7ezj3FnUABgu6"
    } ],
    "topArtistMilliseconds" : 166267206,
    "topArtistFanPercentage" : 0.024510588
  },
  "topPodcasts" : {
    "topPodcastsUri" : [ "spotify:show:4gwNwmvamCJm0wAfAPeiKx" ],
    "topPodcastMilliseconds" : 30393563,
    "topPodcastPercentage" : 0.0,
    "totalPodcastMilliseconds" : 50375189
  },
  "topTracks" : {
    "topTracks" : [ "spotify:track:5enxwA8aAbwZbf5qCHORXi", "spotify:track:3VCKdfJAL8DTDlwZw5O6Ik", "spotify:track:519WGo9DQCtYP72a7Lmprj", "spotify:track:1MgV7FIyNxIG7WzMRJV5HC", "spotify:track:0sY6ZUTh4yoctD8VIXz339" ],
    "topTrackPlayCount" : 23,
    "topTrackFirstPlayedDate" : "2024-01-16",
    "distinctTracksPlayed" : 3784
  },
  "yearlyMetrics" : {
    "totalMsListened" : 1788324733,
    "mostListenedDay" : "2024-03-28",
    "mostListenedDayMinutes" : 606.2582,
    "percentGreaterThanWorldwideUsers" : 88.84385
  },
  "musicEvolution" : {
    "eras" : [ {
      "key" : "0",
      "peakMonth" : 1,
      "color" : "yellow-blue",
      "genre" : "argentine rock",
      "mood" : "theatrical",
      "descriptor" : "ska reggae",
      "pivotalArtists" : [ "spotify:artist:1bZNv4q3OxYq7mmnLha7Tu", "spotify:artist:6CrQKZeuSKNYgrE7PeYqJ1", "spotify:artist:2F9pvj94b52wGKs0OqiNi2" ],
      "tracks" : [ {
        "trackName" : "Los Dinosaurios",
        "trackUri" : "spotify:track:3VCKdfJAL8DTDlwZw5O6Ik"
      }, {
        "trackName" : "Canción De Alicia En El País - Remastered 2012",
        "trackUri" : "spotify:track:519WGo9DQCtYP72a7Lmprj"
      }, {
        "trackName" : "La Grasa de las Capitales",
        "trackUri" : "spotify:track:13dtguSlp2rssEcyxUyZVC"
      } ]
    }, {
      "key" : "1",
      "peakMonth" : 5,
      "color" : "green-blue",
      "genre" : "singer-songwriter",
      "mood" : "rainy day",
      "descriptor" : "hollywood",
      "pivotalArtists" : [ "spotify:artist:0hEurMDQu99nJRq8pTxO14", "spotify:artist:4MXUO7sVCaFgFjoTI5ox5c", "spotify:artist:5hW4L92KnC6dX9t7tYM4Ve" ],
      "tracks" : [ {
        "trackName" : "Vultures",
        "trackUri" : "spotify:track:1IdTIzkTK6CcpKKgMUGbg7"
      }, {
        "trackName" : "I'm Gonna Find Another You",
        "trackUri" : "spotify:track:0bYDebBlQxsDR4hCgbbpOW"
      }, {
        "trackName" : "Don't Go to Strangers",
        "trackUri" : "spotify:track:6VEQmwrV1Fklae6VKMYLtA"
      } ]
    }, {
      "key" : "2",
      "peakMonth" : 8,
      "color" : "blue",
      "genre" : "argentine indie",
      "mood" : "chill",
      "descriptor" : "potpourri",
      "pivotalArtists" : [ "spotify:artist:5pg9cOudU7ezj3FnUABgu6", "spotify:artist:6jRUKVZllu1wtgXHbqvUmT", "spotify:artist:1cj1ov4uZ0Htsx9PWDpNvi" ],
      "tracks" : [ {
        "trackName" : "Parque Acuático",
        "trackUri" : "spotify:track:250FEHmhQf4Y2XiqjDz0zu"
      }, {
        "trackName" : "A Salvo",
        "trackUri" : "spotify:track:5yWNAdKufvCQ33CAWqt6Mh"
      }, {
        "trackName" : "Carta Para No Llorar",
        "trackUri" : "spotify:track:636kfKOcca5RtrRPhAk5y6"
      } ]
    } ]
  }
}
