{
  "stats" : [ {
    "date" : "2025-11-24",
    "streamCount" : 0,
    "secondsPlayed" : 0,
    "topTracks" : [ {
      "name" : "Mio Cristo Piange Diamanti",
      "streamCount" : 4,
      "secondsPlayed" : 1076
    }, {
      "name" : "La Yugular",
      "streamCount" : 4,
      "secondsPlayed" : 1032
    }, {
      "name" : "Porcelana",
      "streamCount" : 4,
      "secondsPlayed" : 990
    }, {
      "name" : "Divinize",
      "streamCount" : 4,
      "secondsPlayed" : 970
    }, {
      "name" : "La Rumba Del Perdón",
      "streamCount" : 4,
      "secondsPlayed" : 923
    }, {
      "name" : "Reliquia",
      "streamCount" : 4,
      "secondsPlayed" : 918
    }, {
      "name" : "La Perla",
      "streamCount" : 4,
      "secondsPlayed" : 780
    }, {
      "name" : "Berghain",
      "streamCount" : 4,
      "secondsPlayed" : 713
    }, {
      "name" : "Sauvignon Blanc",
      "streamCount" : 4,
      "secondsPlayed" : 648
    }, {
      "name" : "Sexo, Violencia y Llantas",
      "streamCount" : 4,
      "secondsPlayed" : 560
    } ],
    "topArtists" : [ {
      "name" : "ROSALÍA",
      "streamCount" : 58,
      "secondsPlayed" : 11357
    }, {
      "name" : "Fleetwood Mac",
      "streamCount" : 51,
      "secondsPlayed" : 12048
    }, {
      "name" : "Fito Paez",
      "streamCount" : 49,
      "secondsPlayed" : 10791
    }, {
      "name" : "Militantes del Climax",
      "streamCount" : 31,
      "secondsPlayed" : 5351
    }, {
      "name" : "Sufjan Stevens",
      "streamCount" : 29,
      "secondsPlayed" : 6326
    }, {
      "name" : "Indios",
      "streamCount" : 24,
      "secondsPlayed" : 5003
    }, {
      "name" : "The Beatles",
      "streamCount" : 18,
      "secondsPlayed" : 2784
    }, {
      "name" : "System Of A Down",
      "streamCount" : 11,
      "secondsPlayed" : 2164
    }, {
      "name" : "David Bowie",
      "streamCount" : 8,
      "secondsPlayed" : 2386
    }, {
      "name" : "Joy Division",
      "streamCount" : 6,
      "secondsPlayed" : 1506
    } ],
    "topGenres" : [ ]
  }, {
    "date" : "2025-11-17",
    "streamCount" : 0,
    "secondsPlayed" : 0,
    "topTracks" : [ {
      "name" : "Tres Agujas",
      "streamCount" : 5,
      "secondsPlayed" : 1285
    }, {
      "name" : "Del Sesenta Y Tres",
      "streamCount" : 4,
      "secondsPlayed" : 1083
    }, {
      "name" : "Viejo Mundo",
      "streamCount" : 4,
      "secondsPlayed" : 936
    }, {
      "name" : "Reliquia",
      "streamCount" : 4,
      "secondsPlayed" : 918
    }, {
      "name" : "Divinize",
      "streamCount" : 4,
      "secondsPlayed" : 849
    }, {
      "name" : "La Perla",
      "streamCount" : 4,
      "secondsPlayed" : 585
    }, {
      "name" : "Sexo, Violencia y Llantas",
      "streamCount" : 4,
      "secondsPlayed" : 558
    }, {
      "name" : "La Rumba Del Piano",
      "streamCount" : 3,
      "secondsPlayed" : 818
    }, {
      "name" : "B. Ode y Evelyn",
      "streamCount" : 3,
      "secondsPlayed" : 713
    }, {
      "name" : "Giros",
      "streamCount" : 3,
      "secondsPlayed" : 674
    } ],
    "topArtists" : [ {
      "name" : "Fito Paez",
      "streamCount" : 84,
      "secondsPlayed" : 18750
    }, {
      "name" : "ROSALÍA",
      "streamCount" : 40,
      "secondsPlayed" : 7311
    }, {
      "name" : "Jamiroquai",
      "streamCount" : 12,
      "secondsPlayed" : 4190
    }, {
      "name" : "3 Doors Down",
      "streamCount" : 7,
      "secondsPlayed" : 1501
    }, {
      "name" : "Yahritza Y Su Esencia",
      "streamCount" : 4,
      "secondsPlayed" : 585
    }, {
      "name" : "Björk",
      "streamCount" : 3,
      "secondsPlayed" : 533
    }, {
      "name" : "Yves Tumor",
      "streamCount" : 3,
      "secondsPlayed" : 533
    }, {
      "name" : "Estrella Morente",
      "streamCount" : 2,
      "secondsPlayed" : 502
    }, {
      "name" : "Carminho",
      "streamCount" : 2,
      "secondsPlayed" : 449
    }, {
      "name" : "Sílvia Pérez Cruz",
      "streamCount" : 2,
      "secondsPlayed" : 502
    } ],
    "topGenres" : [ ]
  }, {
    "date" : "2025-11-10",
    "streamCount" : 0,
    "secondsPlayed" : 0,
    "topTracks" : [ {
      "name" : "Giros",
      "streamCount" : 4,
      "secondsPlayed" : 899
    }, {
      "name" : "Yo Vengo A Ofrecer Mi Corazon",
      "streamCount" : 4,
      "secondsPlayed" : 855
    }, {
      "name" : "Cable A Tierra",
      "streamCount" : 4,
      "secondsPlayed" : 819
    }, {
      "name" : "11 Y 6",
      "streamCount" : 4,
      "secondsPlayed" : 711
    }, {
      "name" : "Tres Agujas",
      "streamCount" : 3,
      "secondsPlayed" : 771
    }, {
      "name" : "Fue amor",
      "streamCount" : 3,
      "secondsPlayed" : 749
    }, {
      "name" : "Reliquia",
      "streamCount" : 3,
      "secondsPlayed" : 709
    }, {
      "name" : "Divinize",
      "streamCount" : 3,
      "secondsPlayed" : 688
    }, {
      "name" : "Del Sesenta Y Tres",
      "streamCount" : 3,
      "secondsPlayed" : 622
    }, {
      "name" : "Sexo, Violencia y Llantas",
      "streamCount" : 3,
      "secondsPlayed" : 420
    } ],
    "topArtists" : [ {
      "name" : "Fito Paez",
      "streamCount" : 69,
      "secondsPlayed" : 14562
    }, {
      "name" : "ROSALÍA",
      "streamCount" : 25,
      "secondsPlayed" : 4986
    }, {
      "name" : "Miranda!",
      "streamCount" : 23,
      "secondsPlayed" : 4386
    }, {
      "name" : "Dua Lipa",
      "streamCount" : 7,
      "secondsPlayed" : 1387
    }, {
      "name" : "Talking Heads",
      "streamCount" : 5,
      "secondsPlayed" : 1431
    }, {
      "name" : "Luck Ra",
      "streamCount" : 2,
      "secondsPlayed" : 276
    }, {
      "name" : "Björk",
      "streamCount" : 2,
      "secondsPlayed" : 356
    }, {
      "name" : "Yahritza Y Su Esencia",
      "streamCount" : 2,
      "secondsPlayed" : 316
    }, {
      "name" : "Wolf Alice",
      "streamCount" : 1,
      "secondsPlayed" : 199
    }, {
      "name" : "Tiago PZK",
      "streamCount" : 1,
      "secondsPlayed" : 195
    } ],
    "topGenres" : [ ]
  } ],
  "highlights" : [ {
    "date" : "2025-11-30",
    "highlightType" : "MILESTONE",
    "multiEntityMilestoneHighlight" : {
      "entities" : [ "Fleetwood Mac", "ROSALÍA", "Fito Paez", "Mio Cristo Piange Diamanti", "La Yugular", "Porcelana", "Divinize", "Rhiannon - Live 1977", "La Rumba Del Perdón" ],
      "milestoneListeningSeconds" : 62599
    }
  }, {
    "date" : "2025-11-23",
    "highlightType" : "FANS_LIKE_YOU",
    "fansLikeYouHighlight" : {
      "entity" : "La Perla",
      "country" : "AR",
      "position" : 6,
      "previousPosition" : 13,
      "numberOfListeners" : 583131
    }
  }, {
    "date" : "2025-11-16",
    "highlightType" : "MILESTONE",
    "milestoneHighlight" : {
      "entity" : "Fito Paez",
      "milestoneListeningSeconds" : 14562
    }
  }, {
    "date" : "2025-11-09",
    "highlightType" : "YOU_STAND_OUT",
    "youStandOutHighlight" : {
      "entity" : "Andrés Calamaro",
      "country" : "AR",
      "secondsPlayed" : 7361,
      "marketAvgSecondsPlayed" : 775.24963
    }
  }, {
    "date" : "2025-11-02",
    "highlightType" : "YOU_STAND_OUT",
    "youStandOutHighlight" : {
      "entity" : "Fito Paez",
      "country" : "AR",
      "secondsPlayed" : 17993,
      "marketAvgSecondsPlayed" : 769.84937
    }
  }, {
    "date" : "2025-10-19",
    "highlightType" : "PROPORTION_LISTENING_ENTITY",
    "proportionListeningHighlight" : {
      "entity" : "Sumo",
      "listeningPercentage" : 28.76099034467878
    }
  }, {
    "date" : "2025-10-12",
    "highlightType" : "PROPORTION_LISTENING_ENTITY",
    "proportionListeningHighlight" : {
      "entity" : "Dillom",
      "listeningPercentage" : 21.14607390300231
    }
  }, {
    "date" : "2025-10-05",
    "highlightType" : "PROPORTION_LISTENING_ENTITY",
    "proportionListeningHighlight" : {
      "entity" : "Fleetwood Mac",
      "listeningPercentage" : 43.70780195048762
    }
  }, {
    "date" : "2025-09-21",
    "highlightType" : "PROPORTION_LISTENING_ENTITY",
    "proportionListeningHighlight" : {
      "entity" : "Led Zeppelin",
      "listeningPercentage" : 51.73351461590755
    }
  } ]
}
